DROP TABLE IF EXISTS elderships CASCADE;
DROP TABLE IF EXISTS municipalities CASCADE;
DROP TABLE IF EXISTS counties CASCADE;

CREATE TABLE counties (
    id UUID PRIMARY KEY,
    code VARCHAR(10) UNIQUE NOT NULL,
    name VARCHAR(255) NOT NULL
);

CREATE TABLE municipalities (
    id UUID PRIMARY KEY,
    code VARCHAR(10) UNIQUE NOT NULL,
    name VARCHAR(255) NOT NULL,
    county_id UUID NOT NULL REFERENCES counties(id)
);

CREATE TABLE elderships (
    id UUID PRIMARY KEY,
    code VARCHAR(10) UNIQUE NOT NULL,
    name VARCHAR(255) NOT NULL,
    municipality_id UUID NOT NULL REFERENCES municipalities(id)
);

INSERT INTO counties (id, code, name) VALUES ('d1944f45-ff52-4c81-b0f3-0fd60d2462d4', '1', 'Alytaus');
INSERT INTO counties (id, code, name) VALUES ('2340df1c-5342-4961-bef8-243e76eb7549', '2', 'Kauno');
INSERT INTO counties (id, code, name) VALUES ('5eb72457-f229-4e31-a52d-9ec67ac6fa69', '3', 'Klaipėdos');
INSERT INTO counties (id, code, name) VALUES ('f6ee4750-5ebf-4948-8d69-f7750a9cc060', '4', 'Marijampolės');
INSERT INTO counties (id, code, name) VALUES ('a7541777-a4a9-4943-965f-e82a8b45b51a', '5', 'Panevėžio');
INSERT INTO counties (id, code, name) VALUES ('7e82b66d-d34c-4991-a0b4-625e8229bb96', '6', 'Šiaulių');
INSERT INTO counties (id, code, name) VALUES ('c6ef3658-3925-4858-8c1b-f9ab7bcf0360', '7', 'Tauragės');
INSERT INTO counties (id, code, name) VALUES ('0523d4c8-6a37-4bac-9754-cea81d460bb0', '8', 'Telšių');
INSERT INTO counties (id, code, name) VALUES ('32b19bda-efc9-4e1f-be22-b191b23fc682', '9', 'Utenos');
INSERT INTO counties (id, code, name) VALUES ('63926709-aebf-49e0-a6e8-c1344b2c04f8', '10', 'Vilniaus');

INSERT INTO municipalities (id, code, name, county_id) VALUES ('ce5c988a-09cf-47de-8311-c1472606cbe3', '11', 'Alytaus miesto', 'd1944f45-ff52-4c81-b0f3-0fd60d2462d4');
INSERT INTO municipalities (id, code, name, county_id) VALUES ('0635a714-eb53-4efc-9436-00194d34d879', '12', 'Birštono', '2340df1c-5342-4961-bef8-243e76eb7549');
INSERT INTO municipalities (id, code, name, county_id) VALUES ('0f63566b-769d-45a1-8efa-f472de4e081d', '13', 'Vilniaus miesto', '63926709-aebf-49e0-a6e8-c1344b2c04f8');
INSERT INTO municipalities (id, code, name, county_id) VALUES ('3dca772c-2a92-4dff-8add-01e52f715297', '15', 'Druskininkų', 'd1944f45-ff52-4c81-b0f3-0fd60d2462d4');
INSERT INTO municipalities (id, code, name, county_id) VALUES ('5a13cbc6-b28c-474c-9dfa-37dc5f71e59b', '18', 'Marijampolės', 'f6ee4750-5ebf-4948-8d69-f7750a9cc060');
INSERT INTO municipalities (id, code, name, county_id) VALUES ('42738e54-e837-4f86-8e98-79074f39842d', '19', 'Kauno miesto', '2340df1c-5342-4961-bef8-243e76eb7549');
INSERT INTO municipalities (id, code, name, county_id) VALUES ('ed512202-7829-4174-b9a0-cc8d75d7fb44', '21', 'Klaipėdos miesto', '5eb72457-f229-4e31-a52d-9ec67ac6fa69');
INSERT INTO municipalities (id, code, name, county_id) VALUES ('288526ad-311b-43b0-82e2-5bda86e8713b', '23', 'Neringos', '5eb72457-f229-4e31-a52d-9ec67ac6fa69');
INSERT INTO municipalities (id, code, name, county_id) VALUES ('90cfd150-b4ef-4ed5-82ba-1389edb0f3eb', '25', 'Palangos miesto', '5eb72457-f229-4e31-a52d-9ec67ac6fa69');
INSERT INTO municipalities (id, code, name, county_id) VALUES ('5144c8eb-cbf1-483b-9363-8f86ce8ff466', '27', 'Panevėžio miesto', 'a7541777-a4a9-4943-965f-e82a8b45b51a');
INSERT INTO municipalities (id, code, name, county_id) VALUES ('d9e674d9-507a-4653-9502-8e6efdc286fa', '29', 'Šiaulių miesto', '7e82b66d-d34c-4991-a0b4-625e8229bb96');
INSERT INTO municipalities (id, code, name, county_id) VALUES ('699d1820-4cab-459e-b60d-0eeac5b44f00', '30', 'Visagino', '32b19bda-efc9-4e1f-be22-b191b23fc682');
INSERT INTO municipalities (id, code, name, county_id) VALUES ('9a8ad61e-4226-40f2-af13-67fcc100a223', '32', 'Akmenės rajono', '7e82b66d-d34c-4991-a0b4-625e8229bb96');
INSERT INTO municipalities (id, code, name, county_id) VALUES ('6abb2ce8-318e-4205-82ff-b14b5625168a', '33', 'Alytaus rajono', 'd1944f45-ff52-4c81-b0f3-0fd60d2462d4');
INSERT INTO municipalities (id, code, name, county_id) VALUES ('2e7c18be-ac71-44db-8e60-52f31b145121', '34', 'Anykščių rajono', '32b19bda-efc9-4e1f-be22-b191b23fc682');
INSERT INTO municipalities (id, code, name, county_id) VALUES ('975919ef-e061-4ff4-b9a9-bc4f10371417', '36', 'Biržų rajono', 'a7541777-a4a9-4943-965f-e82a8b45b51a');
INSERT INTO municipalities (id, code, name, county_id) VALUES ('427e4257-08c5-453d-b13f-155e9ab7043c', '38', 'Varėnos rajono', 'd1944f45-ff52-4c81-b0f3-0fd60d2462d4');
INSERT INTO municipalities (id, code, name, county_id) VALUES ('476cc389-c87f-418d-be4e-693c8c9f4a92', '39', 'Vilkaviškio rajono', 'f6ee4750-5ebf-4948-8d69-f7750a9cc060');
INSERT INTO municipalities (id, code, name, county_id) VALUES ('76f57cff-f947-4ee4-9721-272f332b9f8c', '41', 'Vilniaus rajono', '63926709-aebf-49e0-a6e8-c1344b2c04f8');
INSERT INTO municipalities (id, code, name, county_id) VALUES ('3677e846-5d00-4c9e-abfb-44237026d8ad', '42', 'Elektrėnų', '63926709-aebf-49e0-a6e8-c1344b2c04f8');
INSERT INTO municipalities (id, code, name, county_id) VALUES ('4b934826-73d7-4cf0-9b2a-4c09d8ac8bf8', '43', 'Zarasų rajono', '32b19bda-efc9-4e1f-be22-b191b23fc682');
INSERT INTO municipalities (id, code, name, county_id) VALUES ('33767dc5-7400-4606-a2b2-af21503c6ec0', '45', 'Ignalinos rajono', '32b19bda-efc9-4e1f-be22-b191b23fc682');
INSERT INTO municipalities (id, code, name, county_id) VALUES ('880e1d8d-4ec6-4834-bbc9-c44aeb857d74', '46', 'Jonavos rajono', '2340df1c-5342-4961-bef8-243e76eb7549');
INSERT INTO municipalities (id, code, name, county_id) VALUES ('b29a2bd1-2c8e-497b-8d8f-d457c2a3756b', '47', 'Joniškio rajono', '7e82b66d-d34c-4991-a0b4-625e8229bb96');
INSERT INTO municipalities (id, code, name, county_id) VALUES ('50fed38f-9003-4a5d-8958-647a413c6dd0', '48', 'Kalvarijos', 'f6ee4750-5ebf-4948-8d69-f7750a9cc060');
INSERT INTO municipalities (id, code, name, county_id) VALUES ('dd91fd95-f1c1-4927-aa86-04f86802057a', '49', 'Kaišiadorių rajono', '2340df1c-5342-4961-bef8-243e76eb7549');
INSERT INTO municipalities (id, code, name, county_id) VALUES ('c07dd05e-ed3f-404f-b239-5dc7732d7da5', '52', 'Kauno rajono', '2340df1c-5342-4961-bef8-243e76eb7549');
INSERT INTO municipalities (id, code, name, county_id) VALUES ('cac8d3b0-c96f-492f-b361-260284f3c573', '53', 'Kėdainių rajono', '2340df1c-5342-4961-bef8-243e76eb7549');
INSERT INTO municipalities (id, code, name, county_id) VALUES ('29b482bd-6422-41bb-bd1a-4a78291f2eaa', '54', 'Kelmės rajono', '7e82b66d-d34c-4991-a0b4-625e8229bb96');
INSERT INTO municipalities (id, code, name, county_id) VALUES ('4965cf6e-2d60-4a4e-a0b8-306f5a8e2a13', '55', 'Klaipėdos rajono', '5eb72457-f229-4e31-a52d-9ec67ac6fa69');
INSERT INTO municipalities (id, code, name, county_id) VALUES ('3871ddbd-299b-402b-aca5-ae6d0b019810', '56', 'Kretingos rajono', '5eb72457-f229-4e31-a52d-9ec67ac6fa69');
INSERT INTO municipalities (id, code, name, county_id) VALUES ('cec0c139-44b6-4d03-b634-a65544935cdc', '57', 'Kupiškio rajono', 'a7541777-a4a9-4943-965f-e82a8b45b51a');
INSERT INTO municipalities (id, code, name, county_id) VALUES ('97cb8dbf-9b49-4a08-b2e3-6bbe6ffb5443', '58', 'Kazlų Rūdos', 'f6ee4750-5ebf-4948-8d69-f7750a9cc060');
INSERT INTO municipalities (id, code, name, county_id) VALUES ('cec6d119-5eb0-4d67-b7bf-a0fb2619740d', '59', 'Lazdijų rajono', 'd1944f45-ff52-4c81-b0f3-0fd60d2462d4');
INSERT INTO municipalities (id, code, name, county_id) VALUES ('46328d8a-2076-4dee-8641-1cfc5a3e0310', '61', 'Mažeikių rajono', '0523d4c8-6a37-4bac-9754-cea81d460bb0');
INSERT INTO municipalities (id, code, name, county_id) VALUES ('19316909-3f7c-4ecf-b11b-c33ea697a6bf', '62', 'Molėtų rajono', '32b19bda-efc9-4e1f-be22-b191b23fc682');
INSERT INTO municipalities (id, code, name, county_id) VALUES ('80655b5d-45d1-46e1-acde-445d5e40a4c9', '63', 'Pagėgių', 'c6ef3658-3925-4858-8c1b-f9ab7bcf0360');
INSERT INTO municipalities (id, code, name, county_id) VALUES ('ee7c439f-46a8-4df4-a50f-12f4bb456083', '65', 'Pakruojo rajono', '7e82b66d-d34c-4991-a0b4-625e8229bb96');
INSERT INTO municipalities (id, code, name, county_id) VALUES ('af67c9e1-52eb-4467-bf54-2c8623a1e643', '66', 'Panevėžio rajono', 'a7541777-a4a9-4943-965f-e82a8b45b51a');
INSERT INTO municipalities (id, code, name, county_id) VALUES ('d44d746d-29ec-4ee6-9b1b-9f8c6ec16c0d', '67', 'Pasvalio rajono', 'a7541777-a4a9-4943-965f-e82a8b45b51a');
INSERT INTO municipalities (id, code, name, county_id) VALUES ('313f285b-0391-4661-9957-2691aeec2f7a', '68', 'Plungės rajono', '0523d4c8-6a37-4bac-9754-cea81d460bb0');
INSERT INTO municipalities (id, code, name, county_id) VALUES ('b34067e1-b488-4e63-b628-c0a519bca4fc', '69', 'Prienų rajono', '2340df1c-5342-4961-bef8-243e76eb7549');
INSERT INTO municipalities (id, code, name, county_id) VALUES ('58cc4eaa-01d9-434f-8400-1fc7e8bb7481', '71', 'Radviliškio rajono', '7e82b66d-d34c-4991-a0b4-625e8229bb96');
INSERT INTO municipalities (id, code, name, county_id) VALUES ('12422f3b-2d9d-40d6-bbe4-6ff93bf23848', '72', 'Raseinių rajono', '2340df1c-5342-4961-bef8-243e76eb7549');
INSERT INTO municipalities (id, code, name, county_id) VALUES ('d2fc3e5e-e3cf-44fa-bc9a-8c1739e93383', '73', 'Rokiškio rajono', 'a7541777-a4a9-4943-965f-e82a8b45b51a');
INSERT INTO municipalities (id, code, name, county_id) VALUES ('18cd5f82-d191-43c7-9305-557d1d3732d7', '74', 'Rietavo', '0523d4c8-6a37-4bac-9754-cea81d460bb0');
INSERT INTO municipalities (id, code, name, county_id) VALUES ('5473f684-3ad5-42c4-99e5-ec4436617ca2', '75', 'Skuodo rajono', '5eb72457-f229-4e31-a52d-9ec67ac6fa69');
INSERT INTO municipalities (id, code, name, county_id) VALUES ('86536530-f3bc-4784-a656-e4e0d4a839b8', '77', 'Tauragės rajono', 'c6ef3658-3925-4858-8c1b-f9ab7bcf0360');
INSERT INTO municipalities (id, code, name, county_id) VALUES ('02efebd6-d5d6-40a8-9fd9-c227d7bb0104', '78', 'Telšių rajono', '0523d4c8-6a37-4bac-9754-cea81d460bb0');
INSERT INTO municipalities (id, code, name, county_id) VALUES ('4bd49b40-51e9-45f1-bd90-5c4355b7b90c', '79', 'Trakų rajono', '63926709-aebf-49e0-a6e8-c1344b2c04f8');
INSERT INTO municipalities (id, code, name, county_id) VALUES ('2f2ef14b-9a6e-4840-b2e5-44cefb54ebca', '81', 'Ukmergės rajono', '63926709-aebf-49e0-a6e8-c1344b2c04f8');
INSERT INTO municipalities (id, code, name, county_id) VALUES ('fe08b5b0-d476-49be-800d-63624ae6eea5', '82', 'Utenos rajono', '32b19bda-efc9-4e1f-be22-b191b23fc682');
INSERT INTO municipalities (id, code, name, county_id) VALUES ('dcd3a8a3-cc32-458f-a9fa-009db8bb8a7d', '84', 'Šakių rajono', 'f6ee4750-5ebf-4948-8d69-f7750a9cc060');
INSERT INTO municipalities (id, code, name, county_id) VALUES ('b2a55b3b-7f65-4be3-a34f-bedad2a06bb8', '85', 'Šalčininkų rajono', '63926709-aebf-49e0-a6e8-c1344b2c04f8');
INSERT INTO municipalities (id, code, name, county_id) VALUES ('805e4985-b391-47b7-913c-c90706289b48', '86', 'Švenčionių rajono', '63926709-aebf-49e0-a6e8-c1344b2c04f8');
INSERT INTO municipalities (id, code, name, county_id) VALUES ('eae766b2-f618-4f17-a46d-4ac46ab76d74', '87', 'Šilalės rajono', 'c6ef3658-3925-4858-8c1b-f9ab7bcf0360');
INSERT INTO municipalities (id, code, name, county_id) VALUES ('4f94640b-8124-4e99-81e7-61d22b04a1fa', '88', 'Šilutės rajono', '5eb72457-f229-4e31-a52d-9ec67ac6fa69');
INSERT INTO municipalities (id, code, name, county_id) VALUES ('e57712b9-1137-4955-b12a-c3c0ebab3f2a', '89', 'Širvintų rajono', '63926709-aebf-49e0-a6e8-c1344b2c04f8');
INSERT INTO municipalities (id, code, name, county_id) VALUES ('96fbd979-2e65-49ba-85a4-083801dab99f', '91', 'Šiaulių rajono', '7e82b66d-d34c-4991-a0b4-625e8229bb96');
INSERT INTO municipalities (id, code, name, county_id) VALUES ('1610adf1-3902-4fc3-bf6c-f5f13f958a7f', '94', 'Jurbarko rajono', 'c6ef3658-3925-4858-8c1b-f9ab7bcf0360');

INSERT INTO elderships (id, code, name, municipality_id) VALUES ('f0102197-c31d-476d-a32d-66b2c29028af', '1201', 'Birštono', '0635a714-eb53-4efc-9436-00194d34d879');
INSERT INTO elderships (id, code, name, municipality_id) VALUES ('d688a12a-dcf1-4c4e-9ff1-7a4835a959c4', '1301', 'Antakalnio', '0f63566b-769d-45a1-8efa-f472de4e081d');
INSERT INTO elderships (id, code, name, municipality_id) VALUES ('66788047-e907-47bb-8bbb-a53564ac9167', '1302', 'Fabijoniškių', '0f63566b-769d-45a1-8efa-f472de4e081d');
INSERT INTO elderships (id, code, name, municipality_id) VALUES ('0aafd8e7-c311-443d-9049-40a9bab2cbf4', '1303', 'Justiniškių', '0f63566b-769d-45a1-8efa-f472de4e081d');
INSERT INTO elderships (id, code, name, municipality_id) VALUES ('0b76400c-4629-4083-ac36-1ce7d1c91f43', '1304', 'Karoliniškių', '0f63566b-769d-45a1-8efa-f472de4e081d');
INSERT INTO elderships (id, code, name, municipality_id) VALUES ('d2f78cc9-54e3-408e-bd33-d416bbb355c8', '1305', 'Lazdynų', '0f63566b-769d-45a1-8efa-f472de4e081d');
INSERT INTO elderships (id, code, name, municipality_id) VALUES ('f374ac15-25d0-4270-9447-43af8e0b95b2', '1306', 'Naujamiesčio', '0f63566b-769d-45a1-8efa-f472de4e081d');
INSERT INTO elderships (id, code, name, municipality_id) VALUES ('b01fdc81-61e1-46a2-98d4-34536c452582', '1307', 'Naujininkų', '0f63566b-769d-45a1-8efa-f472de4e081d');
INSERT INTO elderships (id, code, name, municipality_id) VALUES ('165c7578-89d2-4399-8a96-efa1717596a6', '1308', 'Naujosios Vilnios', '0f63566b-769d-45a1-8efa-f472de4e081d');
INSERT INTO elderships (id, code, name, municipality_id) VALUES ('13b1be5f-d617-42fd-9893-71b9456cfc65', '1309', 'Panerių', '0f63566b-769d-45a1-8efa-f472de4e081d');
INSERT INTO elderships (id, code, name, municipality_id) VALUES ('e81a2899-ecb0-48a1-b284-ae39e86fc3f3', '1310', 'Pašilaičių', '0f63566b-769d-45a1-8efa-f472de4e081d');
INSERT INTO elderships (id, code, name, municipality_id) VALUES ('bd63623a-cd95-4d76-85a7-202c428a8091', '1311', 'Pilaitės', '0f63566b-769d-45a1-8efa-f472de4e081d');
INSERT INTO elderships (id, code, name, municipality_id) VALUES ('572e6c49-ebea-415f-8b34-a29e72db11aa', '1312', 'Rasų', '0f63566b-769d-45a1-8efa-f472de4e081d');
INSERT INTO elderships (id, code, name, municipality_id) VALUES ('cf3af23f-fd56-40c5-92b1-1c0b0b26f957', '1313', 'Verkių', '0f63566b-769d-45a1-8efa-f472de4e081d');
INSERT INTO elderships (id, code, name, municipality_id) VALUES ('af1f3891-630c-4cdc-88dc-a1e2312bb55a', '1314', 'Senamiesčio', '0f63566b-769d-45a1-8efa-f472de4e081d');
INSERT INTO elderships (id, code, name, municipality_id) VALUES ('8abc7806-6d1b-43e2-b2ab-df7ab17e43f4', '1315', 'Šeškinės', '0f63566b-769d-45a1-8efa-f472de4e081d');
INSERT INTO elderships (id, code, name, municipality_id) VALUES ('a09c2dcb-dca3-4631-ac35-824b0b8a3bda', '1316', 'Šnipiškių', '0f63566b-769d-45a1-8efa-f472de4e081d');
INSERT INTO elderships (id, code, name, municipality_id) VALUES ('edf7d0a6-6768-4164-af32-d462b057e9f8', '1317', 'Vilkpėdės', '0f63566b-769d-45a1-8efa-f472de4e081d');
INSERT INTO elderships (id, code, name, municipality_id) VALUES ('e92589c2-5cb5-42cc-8a95-ca0fc92b94af', '1318', 'Viršuliškių', '0f63566b-769d-45a1-8efa-f472de4e081d');
INSERT INTO elderships (id, code, name, municipality_id) VALUES ('dbf5d61b-da57-4041-83b0-2620d20bd49d', '1319', 'Žirmūnų', '0f63566b-769d-45a1-8efa-f472de4e081d');
INSERT INTO elderships (id, code, name, municipality_id) VALUES ('f9c13cb8-4592-43f0-8488-e0aeb13e9ef6', '1320', 'Žvėryno', '0f63566b-769d-45a1-8efa-f472de4e081d');
INSERT INTO elderships (id, code, name, municipality_id) VALUES ('c97da87b-a97c-42df-a762-fc4e339d2bc8', '1321', 'Grigiškių', '0f63566b-769d-45a1-8efa-f472de4e081d');
INSERT INTO elderships (id, code, name, municipality_id) VALUES ('fb632cab-8c6f-49b7-ad32-8d8a60ecfd64', '1545', 'Leipalingio', '3dca772c-2a92-4dff-8add-01e52f715297');
INSERT INTO elderships (id, code, name, municipality_id) VALUES ('8d8010cd-075f-41cd-bcf4-bc5b469cc320', '1570', 'Viečiūnų', '3dca772c-2a92-4dff-8add-01e52f715297');
INSERT INTO elderships (id, code, name, municipality_id) VALUES ('c203e891-a393-452e-a15f-2a5c2545e1e8', '1830', 'Igliaukos', '5a13cbc6-b28c-474c-9dfa-37dc5f71e59b');
INSERT INTO elderships (id, code, name, municipality_id) VALUES ('38344030-a4e8-4993-8710-efc1436ac988', '1842', 'Liudvinavo', '5a13cbc6-b28c-474c-9dfa-37dc5f71e59b');
INSERT INTO elderships (id, code, name, municipality_id) VALUES ('276a3961-b25c-448f-a69c-898ae20c7084', '1867', 'Sasnavos', '5a13cbc6-b28c-474c-9dfa-37dc5f71e59b');
INSERT INTO elderships (id, code, name, municipality_id) VALUES ('6c276b26-a254-4d43-8966-e1cb6ac0ca4f', '1901', 'Centro', '42738e54-e837-4f86-8e98-79074f39842d');
INSERT INTO elderships (id, code, name, municipality_id) VALUES ('8fa075cf-63a0-49da-a58e-2b3f35eec651', '1902', 'Žaliakalnio', '42738e54-e837-4f86-8e98-79074f39842d');
INSERT INTO elderships (id, code, name, municipality_id) VALUES ('bc72356d-3645-4b92-a4f3-821777445f92', '1903', 'Šančių', '42738e54-e837-4f86-8e98-79074f39842d');
INSERT INTO elderships (id, code, name, municipality_id) VALUES ('327fbfa8-46a9-432f-9206-c4abade3f778', '1904', 'Dainavos', '42738e54-e837-4f86-8e98-79074f39842d');
INSERT INTO elderships (id, code, name, municipality_id) VALUES ('1a29e83d-8c2b-44d0-8fdb-cc5108a61da7', '1905', 'Gričiupio', '42738e54-e837-4f86-8e98-79074f39842d');
INSERT INTO elderships (id, code, name, municipality_id) VALUES ('e5f7ce13-96d4-4964-8416-34e0c0cf32cc', '1906', 'Petrašiūnų', '42738e54-e837-4f86-8e98-79074f39842d');
INSERT INTO elderships (id, code, name, municipality_id) VALUES ('b3114920-1727-4505-adb5-0ee29fbf6ef6', '1907', 'Panemunės', '42738e54-e837-4f86-8e98-79074f39842d');
INSERT INTO elderships (id, code, name, municipality_id) VALUES ('2da1d756-9bd0-48da-8754-7698c2919e11', '1908', 'Aleksoto', '42738e54-e837-4f86-8e98-79074f39842d');
INSERT INTO elderships (id, code, name, municipality_id) VALUES ('e566d6b3-6a86-41e6-8677-9dc70144f9ac', '1909', 'Eigulių', '42738e54-e837-4f86-8e98-79074f39842d');
INSERT INTO elderships (id, code, name, municipality_id) VALUES ('46cfcca4-fe4d-4832-84c4-e58cb73c69f5', '1910', 'Vilijampolės', '42738e54-e837-4f86-8e98-79074f39842d');
INSERT INTO elderships (id, code, name, municipality_id) VALUES ('fa5334f2-8de7-4982-9a7b-e77125a521c8', '1911', 'Šilainių', '42738e54-e837-4f86-8e98-79074f39842d');
INSERT INTO elderships (id, code, name, municipality_id) VALUES ('12c1ce5a-f517-4e34-b641-25961d8e3992', '2901', 'Rėkyvos', 'd9e674d9-507a-4653-9502-8e6efdc286fa');
INSERT INTO elderships (id, code, name, municipality_id) VALUES ('12f2b6fc-2ddf-4c9a-9f77-a270200f66c1', '2902', 'Medelyno', 'd9e674d9-507a-4653-9502-8e6efdc286fa');
INSERT INTO elderships (id, code, name, municipality_id) VALUES ('2aa517a9-4c81-4bc0-ad83-905f8b04f4e0', '3204', 'Akmenės', '9a8ad61e-4226-40f2-af13-67fcc100a223');
INSERT INTO elderships (id, code, name, municipality_id) VALUES ('5a647f4f-21ec-4d4d-b737-b5c1f56a1302', '3242', 'Kruopių', '9a8ad61e-4226-40f2-af13-67fcc100a223');
INSERT INTO elderships (id, code, name, municipality_id) VALUES ('9b8e8b39-43db-46ce-b204-46bc66d52f25', '3245', 'Naujosios Akmenės kaimiškoji', '9a8ad61e-4226-40f2-af13-67fcc100a223');
INSERT INTO elderships (id, code, name, municipality_id) VALUES ('9bf0633f-aff5-4ce9-aa92-7b63e654f2a7', '3249', 'Papilės', '9a8ad61e-4226-40f2-af13-67fcc100a223');
INSERT INTO elderships (id, code, name, municipality_id) VALUES ('44984815-9aae-4255-83d5-1c1a61029519', '3252', 'Ventos', '9a8ad61e-4226-40f2-af13-67fcc100a223');
INSERT INTO elderships (id, code, name, municipality_id) VALUES ('428aef09-6248-4d0f-b964-1151cea55819', '3260', 'Naujosios Akmenės miesto', '9a8ad61e-4226-40f2-af13-67fcc100a223');
INSERT INTO elderships (id, code, name, municipality_id) VALUES ('728b38cc-859e-4b21-b012-f2ca22dd6c54', '3301', 'Alytaus', '6abb2ce8-318e-4205-82ff-b14b5625168a');
INSERT INTO elderships (id, code, name, municipality_id) VALUES ('14383e2a-8499-45ab-8ebc-b466a3263f77', '3302', 'Alovės', '6abb2ce8-318e-4205-82ff-b14b5625168a');
INSERT INTO elderships (id, code, name, municipality_id) VALUES ('5a2a034c-95be-43f2-917c-e8d1d777e532', '3310', 'Butrimonių', '6abb2ce8-318e-4205-82ff-b14b5625168a');
INSERT INTO elderships (id, code, name, municipality_id) VALUES ('4f022ce4-4242-4177-bd9c-dc184d6ffad6', '3317', 'Daugų', '6abb2ce8-318e-4205-82ff-b14b5625168a');
INSERT INTO elderships (id, code, name, municipality_id) VALUES ('38523b91-d101-46d4-b00d-52438debde18', '3330', 'Krokialaukio', '6abb2ce8-318e-4205-82ff-b14b5625168a');
INSERT INTO elderships (id, code, name, municipality_id) VALUES ('244a8acc-0626-46bf-8e61-0cd156e783e0', '3338', 'Miroslavo', '6abb2ce8-318e-4205-82ff-b14b5625168a');
INSERT INTO elderships (id, code, name, municipality_id) VALUES ('8760ea03-16bb-4176-ae6a-c43826efc55c', '3342', 'Nemunaičio', '6abb2ce8-318e-4205-82ff-b14b5625168a');
INSERT INTO elderships (id, code, name, municipality_id) VALUES ('9a874844-a702-4987-83d5-479d9111d5bd', '3348', 'Pivašiūnų', '6abb2ce8-318e-4205-82ff-b14b5625168a');
INSERT INTO elderships (id, code, name, municipality_id) VALUES ('9458f00f-3b00-4051-95b5-818327d84351', '3353', 'Punios', '6abb2ce8-318e-4205-82ff-b14b5625168a');
INSERT INTO elderships (id, code, name, municipality_id) VALUES ('c21f1bce-2d5c-4e28-ac85-fd9efd69eba0', '3359', 'Raitininkų', '6abb2ce8-318e-4205-82ff-b14b5625168a');
INSERT INTO elderships (id, code, name, municipality_id) VALUES ('aa3ad9dd-2565-4a88-9c08-cedf9d8a149e', '3380', 'Simno', '6abb2ce8-318e-4205-82ff-b14b5625168a');
INSERT INTO elderships (id, code, name, municipality_id) VALUES ('04a96cb8-0005-41a5-a74c-569b7cd929d2', '3408', 'Anykščių', '2e7c18be-ac71-44db-8e60-52f31b145121');
INSERT INTO elderships (id, code, name, municipality_id) VALUES ('38d003f2-93b9-4cea-be0d-c03a15e6022d', '3410', 'Andrioniškio', '2e7c18be-ac71-44db-8e60-52f31b145121');
INSERT INTO elderships (id, code, name, municipality_id) VALUES ('6ad26a99-5acd-49e2-a319-6c7700d8aff7', '3413', 'Viešintų', '2e7c18be-ac71-44db-8e60-52f31b145121');
INSERT INTO elderships (id, code, name, municipality_id) VALUES ('1994910b-064f-4714-8286-c3c068cc313d', '3418', 'Debeikių', '2e7c18be-ac71-44db-8e60-52f31b145121');
INSERT INTO elderships (id, code, name, municipality_id) VALUES ('b0cafd91-538b-43f8-a846-cea1de019307', '3422', 'Kavarsko', '2e7c18be-ac71-44db-8e60-52f31b145121');
INSERT INTO elderships (id, code, name, municipality_id) VALUES ('a6f7f75d-d40f-423b-b720-3ff1de3146f8', '3426', 'Kurklių', '2e7c18be-ac71-44db-8e60-52f31b145121');
INSERT INTO elderships (id, code, name, municipality_id) VALUES ('920f8872-25aa-4935-8630-8a62a3f7b017', '3442', 'Svėdasų', '2e7c18be-ac71-44db-8e60-52f31b145121');
INSERT INTO elderships (id, code, name, municipality_id) VALUES ('8648761f-8bb3-4be9-bf7c-2f2e3f60fd1e', '3449', 'Skiemonių', '2e7c18be-ac71-44db-8e60-52f31b145121');
INSERT INTO elderships (id, code, name, municipality_id) VALUES ('f1db35b6-b947-4459-a4c8-df803ccde721', '3462', 'Traupio', '2e7c18be-ac71-44db-8e60-52f31b145121');
INSERT INTO elderships (id, code, name, municipality_id) VALUES ('c3834cdd-7318-4781-9352-c6e44c436a30', '3469', 'Troškūnų', '2e7c18be-ac71-44db-8e60-52f31b145121');
INSERT INTO elderships (id, code, name, municipality_id) VALUES ('ae7a8d75-00f3-4a87-99e4-7522686a23d8', '3601', 'Biržų miesto', '975919ef-e061-4ff4-b9a9-bc4f10371417');
INSERT INTO elderships (id, code, name, municipality_id) VALUES ('b288fb8a-5f19-41ba-b9e1-30d9bf0776d9', '3604', 'Širvėnos', '975919ef-e061-4ff4-b9a9-bc4f10371417');
INSERT INTO elderships (id, code, name, municipality_id) VALUES ('14bf2008-3000-4408-9a73-42f7a2801dc3', '3609', 'Vabalninko', '975919ef-e061-4ff4-b9a9-bc4f10371417');
INSERT INTO elderships (id, code, name, municipality_id) VALUES ('a9815854-b4d2-465b-8f2b-c20ec4f9a46d', '3640', 'Nemunėlio Radviliškio', '975919ef-e061-4ff4-b9a9-bc4f10371417');
INSERT INTO elderships (id, code, name, municipality_id) VALUES ('62184654-93dd-43fe-877f-402d0776131e', '3648', 'Pabiržės', '975919ef-e061-4ff4-b9a9-bc4f10371417');
INSERT INTO elderships (id, code, name, municipality_id) VALUES ('03e42ceb-184a-414f-9ea6-beed8ecd51d5', '3649', 'Pačeriaukštės', '975919ef-e061-4ff4-b9a9-bc4f10371417');
INSERT INTO elderships (id, code, name, municipality_id) VALUES ('c91d55c5-2086-4578-abc6-c7e46489f4aa', '3651', 'Papilio', '975919ef-e061-4ff4-b9a9-bc4f10371417');
INSERT INTO elderships (id, code, name, municipality_id) VALUES ('86bcaab2-5bd4-49c9-ad5e-fd2158fbdc93', '3654', 'Parovėjos', '975919ef-e061-4ff4-b9a9-bc4f10371417');
INSERT INTO elderships (id, code, name, municipality_id) VALUES ('d30b78d0-6123-4587-8bf2-f8640f994d44', '3805', 'Valkininkų', '427e4257-08c5-453d-b13f-155e9ab7043c');
INSERT INTO elderships (id, code, name, municipality_id) VALUES ('4b691377-f589-4f70-9566-d573d480793c', '3808', 'Varėnos', '427e4257-08c5-453d-b13f-155e9ab7043c');
INSERT INTO elderships (id, code, name, municipality_id) VALUES ('ad006f16-eb44-4944-a919-d6f8c20fd7d9', '3813', 'Vydenių', '427e4257-08c5-453d-b13f-155e9ab7043c');
INSERT INTO elderships (id, code, name, municipality_id) VALUES ('77914822-a390-4952-ac1e-ddcddba05e6c', '3826', 'Kaniavos', '427e4257-08c5-453d-b13f-155e9ab7043c');
INSERT INTO elderships (id, code, name, municipality_id) VALUES ('8c0311f9-2117-41ab-b745-ef0d185b3795', '3838', 'Marcinkonių', '427e4257-08c5-453d-b13f-155e9ab7043c');
INSERT INTO elderships (id, code, name, municipality_id) VALUES ('fd046eca-7d6c-47da-b929-d8f43648f37a', '3842', 'Matuizų', '427e4257-08c5-453d-b13f-155e9ab7043c');
INSERT INTO elderships (id, code, name, municipality_id) VALUES ('4bc57201-9a98-416c-a606-1f62f8e49ac1', '3847', 'Merkinės', '427e4257-08c5-453d-b13f-155e9ab7043c');
INSERT INTO elderships (id, code, name, municipality_id) VALUES ('87a8de1d-04a5-4516-9aaa-e46dd5a4227f', '3879', 'Jakėnų', '427e4257-08c5-453d-b13f-155e9ab7043c');
INSERT INTO elderships (id, code, name, municipality_id) VALUES ('1b608cc6-7ce9-488c-bd44-a610a73cbe10', '3910', 'Vilkaviškio miesto', '476cc389-c87f-418d-be4e-693c8c9f4a92');
INSERT INTO elderships (id, code, name, municipality_id) VALUES ('e6610600-defa-4866-b845-35188cc49219', '3914', 'Bartninkų', '476cc389-c87f-418d-be4e-693c8c9f4a92');
INSERT INTO elderships (id, code, name, municipality_id) VALUES ('05363d75-8900-4e9b-837d-b455d9188273', '3920', 'Vištyčio', '476cc389-c87f-418d-be4e-693c8c9f4a92');
INSERT INTO elderships (id, code, name, municipality_id) VALUES ('70bb776a-b655-45b5-bbcf-f11f475f5575', '3926', 'Gižų', '476cc389-c87f-418d-be4e-693c8c9f4a92');
INSERT INTO elderships (id, code, name, municipality_id) VALUES ('e79b6358-376d-4e8a-938d-c733b0c38bf3', '3930', 'Gražiškių', '476cc389-c87f-418d-be4e-693c8c9f4a92');
INSERT INTO elderships (id, code, name, municipality_id) VALUES ('179af7c4-e351-4ec1-80f9-ceb0fa251130', '3935', 'Klausučių', '476cc389-c87f-418d-be4e-693c8c9f4a92');
INSERT INTO elderships (id, code, name, municipality_id) VALUES ('cbf1e9fb-8c0e-4fda-b818-18efb494ac88', '3938', 'Keturvalakių', '476cc389-c87f-418d-be4e-693c8c9f4a92');
INSERT INTO elderships (id, code, name, municipality_id) VALUES ('8fe94ce9-aad4-46ad-8520-5754c3587fb9', '3942', 'Kybartų', '476cc389-c87f-418d-be4e-693c8c9f4a92');
INSERT INTO elderships (id, code, name, municipality_id) VALUES ('75d2c34a-a049-4ed4-8dec-a15db0708bb8', '3956', 'Pajevonio', '476cc389-c87f-418d-be4e-693c8c9f4a92');
INSERT INTO elderships (id, code, name, municipality_id) VALUES ('7a3aeb94-9d9b-43d9-9a36-557dd82931e0', '3960', 'Pilviškių', '476cc389-c87f-418d-be4e-693c8c9f4a92');
INSERT INTO elderships (id, code, name, municipality_id) VALUES ('9d0d9635-4693-42a6-87ce-85962abed838', '3977', 'Šeimenos', '476cc389-c87f-418d-be4e-693c8c9f4a92');
INSERT INTO elderships (id, code, name, municipality_id) VALUES ('a6f5b0e0-28bc-4f26-bebc-e134c9bcd334', '3979', 'Virbalio', '476cc389-c87f-418d-be4e-693c8c9f4a92');
INSERT INTO elderships (id, code, name, municipality_id) VALUES ('a762f52b-d8a5-4585-8fb6-346b28cc6b40', '4101', 'Nemenčinės miesto', '76f57cff-f947-4ee4-9721-272f332b9f8c');
INSERT INTO elderships (id, code, name, municipality_id) VALUES ('d0f0638a-0b3f-49ea-abef-089ee1d9ef60', '4102', 'Avižienių', '76f57cff-f947-4ee4-9721-272f332b9f8c');
INSERT INTO elderships (id, code, name, municipality_id) VALUES ('42024536-1ac7-4ab7-ade5-3d352ae4f37d', '4107', 'Buivydžių', '76f57cff-f947-4ee4-9721-272f332b9f8c');
INSERT INTO elderships (id, code, name, municipality_id) VALUES ('4c0649a8-f4f4-4a49-af0e-4e6a568b639a', '4110', 'Bezdonių', '76f57cff-f947-4ee4-9721-272f332b9f8c');
INSERT INTO elderships (id, code, name, municipality_id) VALUES ('03279882-e26c-40e4-b677-e419def97985', '4112', 'Zujūnų', '76f57cff-f947-4ee4-9721-272f332b9f8c');
INSERT INTO elderships (id, code, name, municipality_id) VALUES ('eb7e88c5-f877-415b-89c4-1001a521a497', '4115', 'Pagirių', '76f57cff-f947-4ee4-9721-272f332b9f8c');
INSERT INTO elderships (id, code, name, municipality_id) VALUES ('cdfa6b88-c603-445b-a9a0-75536cffc17e', '4122', 'Šatrininkų', '76f57cff-f947-4ee4-9721-272f332b9f8c');
INSERT INTO elderships (id, code, name, municipality_id) VALUES ('ab229bea-ac57-4530-9549-44981055bf6e', '4128', 'Dūkštų', '76f57cff-f947-4ee4-9721-272f332b9f8c');
INSERT INTO elderships (id, code, name, municipality_id) VALUES ('b5345f68-dce6-424d-adfa-396ec0eb42ef', '4139', 'Kalvelių', '76f57cff-f947-4ee4-9721-272f332b9f8c');
INSERT INTO elderships (id, code, name, municipality_id) VALUES ('f21befb9-1933-4b5e-aa86-d42b301cf549', '4142', 'Lavoriškių', '76f57cff-f947-4ee4-9721-272f332b9f8c');
INSERT INTO elderships (id, code, name, municipality_id) VALUES ('2afb23bc-404b-4597-81d1-b44713cb4f89', '4145', 'Maišiagalos', '76f57cff-f947-4ee4-9721-272f332b9f8c');
INSERT INTO elderships (id, code, name, municipality_id) VALUES ('23598e2d-fb2a-4467-9fd6-599eb6a93779', '4146', 'Marijampolio', '76f57cff-f947-4ee4-9721-272f332b9f8c');
INSERT INTO elderships (id, code, name, municipality_id) VALUES ('2c9c9695-8a58-4c92-abf4-b9e020ddbdd2', '4148', 'Mickūnų', '76f57cff-f947-4ee4-9721-272f332b9f8c');
INSERT INTO elderships (id, code, name, municipality_id) VALUES ('8ed268ff-cd2b-4706-b8b5-786b52c12ffc', '4151', 'Medininkų', '76f57cff-f947-4ee4-9721-272f332b9f8c');
INSERT INTO elderships (id, code, name, municipality_id) VALUES ('750f1b0b-117b-48ef-b464-9f2ac2603672', '4154', 'Nemenčinės', '76f57cff-f947-4ee4-9721-272f332b9f8c');
INSERT INTO elderships (id, code, name, municipality_id) VALUES ('2b0b2370-ec3a-4bb3-9051-5b72c4ae7833', '4157', 'Nemėžio', '76f57cff-f947-4ee4-9721-272f332b9f8c');
INSERT INTO elderships (id, code, name, municipality_id) VALUES ('134958ff-f178-4ce8-b620-d9f075070659', '4160', 'Paberžės', '76f57cff-f947-4ee4-9721-272f332b9f8c');
INSERT INTO elderships (id, code, name, municipality_id) VALUES ('2d31f8be-8bef-49f8-8bd6-b5c43bfd11c9', '4168', 'Riešės', '76f57cff-f947-4ee4-9721-272f332b9f8c');
INSERT INTO elderships (id, code, name, municipality_id) VALUES ('8cf389da-ba91-4301-8c9a-f60b4c6d20d1', '4171', 'Rudaminos', '76f57cff-f947-4ee4-9721-272f332b9f8c');
INSERT INTO elderships (id, code, name, municipality_id) VALUES ('1a87743f-c684-4300-9125-8aaa9d21055d', '4174', 'Rukainių', '76f57cff-f947-4ee4-9721-272f332b9f8c');
INSERT INTO elderships (id, code, name, municipality_id) VALUES ('674554b7-1386-4cfd-b6c3-7e4e237522ae', '4178', 'Sudervės', '76f57cff-f947-4ee4-9721-272f332b9f8c');
INSERT INTO elderships (id, code, name, municipality_id) VALUES ('c1c889c9-f517-4753-ace6-2c68d020118b', '4181', 'Sužionių', '76f57cff-f947-4ee4-9721-272f332b9f8c');
INSERT INTO elderships (id, code, name, municipality_id) VALUES ('25ae9f66-cc20-432a-afe8-b0d791363df0', '4194', 'Juodšilių', '76f57cff-f947-4ee4-9721-272f332b9f8c');
INSERT INTO elderships (id, code, name, municipality_id) VALUES ('04106ed1-7546-4b90-a1cb-dd6b6b5fce8f', '4209', 'Gilučių', '3677e846-5d00-4c9e-abfb-44237026d8ad');
INSERT INTO elderships (id, code, name, municipality_id) VALUES ('3dc7f228-7bab-477b-8a9e-a7099141502f', '4215', 'Elektrėnų', '3677e846-5d00-4c9e-abfb-44237026d8ad');
INSERT INTO elderships (id, code, name, municipality_id) VALUES ('e0474a6d-132f-4c6e-a47d-56b739cd2673', '4216', 'Pastrėvio', '3677e846-5d00-4c9e-abfb-44237026d8ad');
INSERT INTO elderships (id, code, name, municipality_id) VALUES ('cc2ab8d3-d24e-4ab3-b51b-4f7297d1abc5', '4218', 'Vievio', '3677e846-5d00-4c9e-abfb-44237026d8ad');
INSERT INTO elderships (id, code, name, municipality_id) VALUES ('a4f9610b-50c9-4f8f-b03e-b7f0cbc579e6', '4219', 'Kazokiškių', '3677e846-5d00-4c9e-abfb-44237026d8ad');
INSERT INTO elderships (id, code, name, municipality_id) VALUES ('d3417776-793f-44bb-8e74-48c6b032de27', '4230', 'Kietaviškių', '3677e846-5d00-4c9e-abfb-44237026d8ad');
INSERT INTO elderships (id, code, name, municipality_id) VALUES ('fdeba170-a3f0-4f4b-9117-c81fcf76da5c', '4287', 'Semeliškių', '3677e846-5d00-4c9e-abfb-44237026d8ad');
INSERT INTO elderships (id, code, name, municipality_id) VALUES ('dbfd0a7c-011d-400c-9163-c8bf4e782659', '4288', 'Beižionių', '3677e846-5d00-4c9e-abfb-44237026d8ad');
INSERT INTO elderships (id, code, name, municipality_id) VALUES ('3f8ab417-691a-4d53-b1e3-7a1d9f02a622', '4328', 'Dusetų', '4b934826-73d7-4cf0-9b2a-4c09d8ac8bf8');
INSERT INTO elderships (id, code, name, municipality_id) VALUES ('181998aa-7bdb-436b-8d11-536e8b703829', '4330', 'Zarasų', '4b934826-73d7-4cf0-9b2a-4c09d8ac8bf8');
INSERT INTO elderships (id, code, name, municipality_id) VALUES ('79669c81-3e4a-4d08-a9ab-ff5cd50a12aa', '4332', 'Imbrado', '4b934826-73d7-4cf0-9b2a-4c09d8ac8bf8');
INSERT INTO elderships (id, code, name, municipality_id) VALUES ('30e4051c-5625-4b97-b368-61b7910482c8', '4348', 'Salako', '4b934826-73d7-4cf0-9b2a-4c09d8ac8bf8');
INSERT INTO elderships (id, code, name, municipality_id) VALUES ('652447b6-e991-4112-8bbb-689b28357323', '4371', 'Turmanto', '4b934826-73d7-4cf0-9b2a-4c09d8ac8bf8');
INSERT INTO elderships (id, code, name, municipality_id) VALUES ('f988ec1a-f7b8-477b-aef8-a8982ee0857d', '4501', 'Ignalinos miesto', '33767dc5-7400-4606-a2b2-af21503c6ec0');
INSERT INTO elderships (id, code, name, municipality_id) VALUES ('f36d63cb-1965-4bc3-9ee7-86aa3dc676f7', '4504', 'Vidiškių', '33767dc5-7400-4606-a2b2-af21503c6ec0');
INSERT INTO elderships (id, code, name, municipality_id) VALUES ('e5677c15-1f2a-4fb0-8e50-1e9cf08a4d74', '4520', 'Didžiasalio', '33767dc5-7400-4606-a2b2-af21503c6ec0');
INSERT INTO elderships (id, code, name, municipality_id) VALUES ('98a30ed5-3f6d-474f-84d4-fd518326488f', '4522', 'Dūkšto', '33767dc5-7400-4606-a2b2-af21503c6ec0');
INSERT INTO elderships (id, code, name, municipality_id) VALUES ('123a47dd-83f9-4caf-a80d-b9d8257ca3b2', '4525', 'Ignalinos', '33767dc5-7400-4606-a2b2-af21503c6ec0');
INSERT INTO elderships (id, code, name, municipality_id) VALUES ('dea4b89d-ddfb-40bc-a3ee-789c8008864d', '4528', 'Kazitiškio', '33767dc5-7400-4606-a2b2-af21503c6ec0');
INSERT INTO elderships (id, code, name, municipality_id) VALUES ('c7d228ae-63bc-43e6-8ec9-61655bc6c058', '4534', 'Linkmenų', '33767dc5-7400-4606-a2b2-af21503c6ec0');
INSERT INTO elderships (id, code, name, municipality_id) VALUES ('cd878ae4-fc4b-44cf-b59e-32ee32b3627c', '4537', 'Mielagėnų', '33767dc5-7400-4606-a2b2-af21503c6ec0');
INSERT INTO elderships (id, code, name, municipality_id) VALUES ('d3a73318-8c80-48f1-9582-7ee03e3edcf5', '4542', 'Naujojo Daugėliškio', '33767dc5-7400-4606-a2b2-af21503c6ec0');
INSERT INTO elderships (id, code, name, municipality_id) VALUES ('d6e1d6fa-768d-400e-92c5-a6103af3b377', '4549', 'Rimšės', '33767dc5-7400-4606-a2b2-af21503c6ec0');
INSERT INTO elderships (id, code, name, municipality_id) VALUES ('97b0743c-ed16-4114-810f-d14eb8783090', '4559', 'Tverečiaus', '33767dc5-7400-4606-a2b2-af21503c6ec0');
INSERT INTO elderships (id, code, name, municipality_id) VALUES ('d7fe4c36-4972-42c5-9eeb-89acdc6e70d2', '4562', 'Ceikinių', '33767dc5-7400-4606-a2b2-af21503c6ec0');
INSERT INTO elderships (id, code, name, municipality_id) VALUES ('c899c98b-1460-4da9-9ac8-fbba35f7841a', '4601', 'Jonavos', '880e1d8d-4ec6-4834-bbc9-c44aeb857d74');
INSERT INTO elderships (id, code, name, municipality_id) VALUES ('98b1c882-6dd7-4dae-b374-f47e550d5bed', '4607', 'Bukonių', '880e1d8d-4ec6-4834-bbc9-c44aeb857d74');
INSERT INTO elderships (id, code, name, municipality_id) VALUES ('2dce5fa7-44ef-4abd-8c26-b3d903afbe47', '4613', 'Šveicarijos', '880e1d8d-4ec6-4834-bbc9-c44aeb857d74');
INSERT INTO elderships (id, code, name, municipality_id) VALUES ('9c5a9ffa-00d2-41c4-afd4-709805b9d53e', '4624', 'Žeimių', '880e1d8d-4ec6-4834-bbc9-c44aeb857d74');
INSERT INTO elderships (id, code, name, municipality_id) VALUES ('1afda84e-304b-4c4b-a4e5-a608b0152850', '4635', 'Kulvos', '880e1d8d-4ec6-4834-bbc9-c44aeb857d74');
INSERT INTO elderships (id, code, name, municipality_id) VALUES ('8e00f256-aa46-45f5-8587-4b55118e48f8', '4657', 'Upninkų', '880e1d8d-4ec6-4834-bbc9-c44aeb857d74');
INSERT INTO elderships (id, code, name, municipality_id) VALUES ('4d6dadeb-89fd-4eaa-9e9c-928950d258e0', '4668', 'Užusalių', '880e1d8d-4ec6-4834-bbc9-c44aeb857d74');
INSERT INTO elderships (id, code, name, municipality_id) VALUES ('cd001dac-36e3-4b60-a049-2d2d6004afef', '4677', 'Šilų', '880e1d8d-4ec6-4834-bbc9-c44aeb857d74');
INSERT INTO elderships (id, code, name, municipality_id) VALUES ('b7dc3cf1-bb5c-480e-b7a4-9661fab9c2fb', '4713', 'Gataučių', 'b29a2bd1-2c8e-497b-8d8f-d457c2a3756b');
INSERT INTO elderships (id, code, name, municipality_id) VALUES ('e5ff24f5-76a7-4858-a009-0730bf71fb4f', '4720', 'Gaižaičių', 'b29a2bd1-2c8e-497b-8d8f-d457c2a3756b');
INSERT INTO elderships (id, code, name, municipality_id) VALUES ('5268d4bd-1966-4653-8955-bd59247ce8f8', '4726', 'Žagarės', 'b29a2bd1-2c8e-497b-8d8f-d457c2a3756b');
INSERT INTO elderships (id, code, name, municipality_id) VALUES ('12d4c0f3-1e13-4b20-ac4c-1786e3a47a70', '4731', 'Kriukų', 'b29a2bd1-2c8e-497b-8d8f-d457c2a3756b');
INSERT INTO elderships (id, code, name, municipality_id) VALUES ('7ce03e1e-df12-486c-bc0b-858477307f12', '4735', 'Kepalių', 'b29a2bd1-2c8e-497b-8d8f-d457c2a3756b');
INSERT INTO elderships (id, code, name, municipality_id) VALUES ('67c1fa91-ee5a-445c-83fc-5ce0edd5e770', '4744', 'Rudiškių', 'b29a2bd1-2c8e-497b-8d8f-d457c2a3756b');
INSERT INTO elderships (id, code, name, municipality_id) VALUES ('bf51ee00-67a5-47e0-a33c-f01d8601eb54', '4747', 'Satkūnų', 'b29a2bd1-2c8e-497b-8d8f-d457c2a3756b');
INSERT INTO elderships (id, code, name, municipality_id) VALUES ('49f8c0c2-6cd8-4810-8f6d-d014ddd865e3', '4751', 'Saugėlaukio', 'b29a2bd1-2c8e-497b-8d8f-d457c2a3756b');
INSERT INTO elderships (id, code, name, municipality_id) VALUES ('e42e7338-1eb5-46c2-914c-47a35766072e', '4756', 'Skaistgirio', 'b29a2bd1-2c8e-497b-8d8f-d457c2a3756b');
INSERT INTO elderships (id, code, name, municipality_id) VALUES ('341987a0-f559-4b30-80e5-0a07f8fe4422', '4760', 'Joniškio', 'b29a2bd1-2c8e-497b-8d8f-d457c2a3756b');
INSERT INTO elderships (id, code, name, municipality_id) VALUES ('4e32ddff-2dd4-4046-b6b3-d7b05a2a1732', '4814', 'Akmenynų', '50fed38f-9003-4a5d-8958-647a413c6dd0');
INSERT INTO elderships (id, code, name, municipality_id) VALUES ('c62b956e-3446-432f-9535-9aaf30cb4d2d', '4834', 'Kalvarijos', '50fed38f-9003-4a5d-8958-647a413c6dd0');
INSERT INTO elderships (id, code, name, municipality_id) VALUES ('3a903d90-1f8c-4bc7-84a5-114723110d8c', '4839', 'Liubavo', '50fed38f-9003-4a5d-8958-647a413c6dd0');
INSERT INTO elderships (id, code, name, municipality_id) VALUES ('09ab563e-2db5-4df1-845f-39d948a74a62', '4862', 'Sangrūdos', '50fed38f-9003-4a5d-8958-647a413c6dd0');
INSERT INTO elderships (id, code, name, municipality_id) VALUES ('c2603164-069b-4548-84b4-0525f33a2f93', '4909', 'Žaslių', 'dd91fd95-f1c1-4927-aa86-04f86802057a');
INSERT INTO elderships (id, code, name, municipality_id) VALUES ('d5c70d3f-659d-4423-8cd2-c44b7114ec47', '4913', 'Žiežmarių apylinkės', 'dd91fd95-f1c1-4927-aa86-04f86802057a');
INSERT INTO elderships (id, code, name, municipality_id) VALUES ('3214b912-2883-470f-ba69-e2ef521f6793', '4915', 'Žiežmarių', 'dd91fd95-f1c1-4927-aa86-04f86802057a');
INSERT INTO elderships (id, code, name, municipality_id) VALUES ('7e6d5773-aff8-493c-9fe4-cc3ca289ec42', '4917', 'Kaišiadorių miesto', 'dd91fd95-f1c1-4927-aa86-04f86802057a');
INSERT INTO elderships (id, code, name, municipality_id) VALUES ('d50dfb1e-231c-4f24-8fd3-7f3bafaf6472', '4921', 'Kaišiadorių apylinkės', 'dd91fd95-f1c1-4927-aa86-04f86802057a');
INSERT INTO elderships (id, code, name, municipality_id) VALUES ('76025518-368a-49c4-9770-9f8742481bb2', '4937', 'Kruonio', 'dd91fd95-f1c1-4927-aa86-04f86802057a');
INSERT INTO elderships (id, code, name, municipality_id) VALUES ('cd832c1f-d4ca-4536-9abb-e851912da721', '4940', 'Nemaitonių', 'dd91fd95-f1c1-4927-aa86-04f86802057a');
INSERT INTO elderships (id, code, name, municipality_id) VALUES ('181b6dac-9fcf-460b-b473-8798e6a6cba0', '4942', 'Palomenės', 'dd91fd95-f1c1-4927-aa86-04f86802057a');
INSERT INTO elderships (id, code, name, municipality_id) VALUES ('177c3039-50d5-4bb3-8407-28d9c87f7652', '4946', 'Paparčių', 'dd91fd95-f1c1-4927-aa86-04f86802057a');
INSERT INTO elderships (id, code, name, municipality_id) VALUES ('4a2c2a5f-f6a0-48b8-b679-db9fd8469d9a', '4952', 'Rumšiškių', 'dd91fd95-f1c1-4927-aa86-04f86802057a');
INSERT INTO elderships (id, code, name, municipality_id) VALUES ('717cb389-567c-448a-aa7d-cebe77d80ee9', '4953', 'Pravieniškių', 'dd91fd95-f1c1-4927-aa86-04f86802057a');
INSERT INTO elderships (id, code, name, municipality_id) VALUES ('f1109476-c13a-4d10-a6fb-c1cedcd7e3c6', '5203', 'Alšėnų', 'c07dd05e-ed3f-404f-b239-5dc7732d7da5');
INSERT INTO elderships (id, code, name, municipality_id) VALUES ('126dad4a-c004-4181-919a-54258d15e1c8', '5207', 'Babtų', 'c07dd05e-ed3f-404f-b239-5dc7732d7da5');
INSERT INTO elderships (id, code, name, municipality_id) VALUES ('aafb3031-b87e-499d-ad12-48c68262301f', '5209', 'Ežerėlio', 'c07dd05e-ed3f-404f-b239-5dc7732d7da5');
INSERT INTO elderships (id, code, name, municipality_id) VALUES ('e6aac5ee-d0c4-4326-a646-9aaed75b2e46', '5210', 'Batniavos', 'c07dd05e-ed3f-404f-b239-5dc7732d7da5');
INSERT INTO elderships (id, code, name, municipality_id) VALUES ('9e8107a9-ba41-4869-bc8a-feb8630bf1be', '5215', 'Vandžiogalos', 'c07dd05e-ed3f-404f-b239-5dc7732d7da5');
INSERT INTO elderships (id, code, name, municipality_id) VALUES ('db783a0c-a27c-411a-8ea3-c7fa469cfec0', '5218', 'Vilkijos apylinkių', 'c07dd05e-ed3f-404f-b239-5dc7732d7da5');
INSERT INTO elderships (id, code, name, municipality_id) VALUES ('82e25bf7-5ddc-4895-9e5f-b525024c095d', '5219', 'Vilkijos', 'c07dd05e-ed3f-404f-b239-5dc7732d7da5');
INSERT INTO elderships (id, code, name, municipality_id) VALUES ('9f6d3dfc-1d10-4e4f-b856-39253ccb3b36', '5221', 'Garliavos apylinkių', 'c07dd05e-ed3f-404f-b239-5dc7732d7da5');
INSERT INTO elderships (id, code, name, municipality_id) VALUES ('147cbfd0-67a6-40f8-89c3-70d5c2d0927a', '5223', 'Garliavos', 'c07dd05e-ed3f-404f-b239-5dc7732d7da5');
INSERT INTO elderships (id, code, name, municipality_id) VALUES ('3eb60ec9-8011-46a3-84cd-6dbdbe69e514', '5226', 'Domeikavos', 'c07dd05e-ed3f-404f-b239-5dc7732d7da5');
INSERT INTO elderships (id, code, name, municipality_id) VALUES ('f708e0eb-cb16-4739-aa9e-0c375ab9c8a4', '5229', 'Zapyškio', 'c07dd05e-ed3f-404f-b239-5dc7732d7da5');
INSERT INTO elderships (id, code, name, municipality_id) VALUES ('23d9d9cf-32ec-4fde-8ee7-6e1058f42df8', '5233', 'Karmėlavos', 'c07dd05e-ed3f-404f-b239-5dc7732d7da5');
INSERT INTO elderships (id, code, name, municipality_id) VALUES ('fe9dbb4c-e5b2-4560-8cf4-822e13602ee1', '5236', 'Kačerginės', 'c07dd05e-ed3f-404f-b239-5dc7732d7da5');
INSERT INTO elderships (id, code, name, municipality_id) VALUES ('497621ad-923b-4b4b-874c-3a12387d43e5', '5241', 'Kulautuvos', 'c07dd05e-ed3f-404f-b239-5dc7732d7da5');
INSERT INTO elderships (id, code, name, municipality_id) VALUES ('3cb735cc-db90-4d70-8892-313cb00d3a56', '5243', 'Linksmakalnio', 'c07dd05e-ed3f-404f-b239-5dc7732d7da5');
INSERT INTO elderships (id, code, name, municipality_id) VALUES ('e56ccec4-daca-41ad-8856-a19dec2dea23', '5245', 'Ringaudų', 'c07dd05e-ed3f-404f-b239-5dc7732d7da5');
INSERT INTO elderships (id, code, name, municipality_id) VALUES ('c43c0d01-561b-4251-9b0b-ca914780ab9e', '5247', 'Neveronių', 'c07dd05e-ed3f-404f-b239-5dc7732d7da5');
INSERT INTO elderships (id, code, name, municipality_id) VALUES ('8d94f4e2-6726-45f0-bd6d-b626dacf3b75', '5257', 'Lapių', 'c07dd05e-ed3f-404f-b239-5dc7732d7da5');
INSERT INTO elderships (id, code, name, municipality_id) VALUES ('8f78ac1f-5f96-4b0d-aed4-167eeb851cf0', '5259', 'Raudondvario', 'c07dd05e-ed3f-404f-b239-5dc7732d7da5');
INSERT INTO elderships (id, code, name, municipality_id) VALUES ('54ea5fbc-3ec4-4fc7-853b-c956f7ec906d', '5262', 'Rokų', 'c07dd05e-ed3f-404f-b239-5dc7732d7da5');
INSERT INTO elderships (id, code, name, municipality_id) VALUES ('da255c60-5fc2-4127-97b9-8200dfee1d4a', '5267', 'Samylų', 'c07dd05e-ed3f-404f-b239-5dc7732d7da5');
INSERT INTO elderships (id, code, name, municipality_id) VALUES ('4220984d-3cf0-45ea-87f8-103896d98f64', '5272', 'Taurakiemio', 'c07dd05e-ed3f-404f-b239-5dc7732d7da5');
INSERT INTO elderships (id, code, name, municipality_id) VALUES ('e6729597-5482-4260-86b6-4733e8ffff4f', '5277', 'Užliedžių', 'c07dd05e-ed3f-404f-b239-5dc7732d7da5');
INSERT INTO elderships (id, code, name, municipality_id) VALUES ('dd360aff-7447-47d0-8857-7a44ca0c4354', '5282', 'Čekiškės', 'c07dd05e-ed3f-404f-b239-5dc7732d7da5');
INSERT INTO elderships (id, code, name, municipality_id) VALUES ('14bc75c5-8e37-43ea-84c5-a1cb941785d4', '5290', 'Akademijos', 'c07dd05e-ed3f-404f-b239-5dc7732d7da5');
INSERT INTO elderships (id, code, name, municipality_id) VALUES ('550e6a37-3dff-40a5-8ecb-8e47959c6210', '5301', 'Kėdainių miesto', 'cac8d3b0-c96f-492f-b361-260284f3c573');
INSERT INTO elderships (id, code, name, municipality_id) VALUES ('75aa2cac-f5cd-40f5-8a06-186ca0cfc8fe', '5302', 'Vilainių', 'cac8d3b0-c96f-492f-b361-260284f3c573');
INSERT INTO elderships (id, code, name, municipality_id) VALUES ('a72ad1e4-6bf6-4efe-917e-10efb4895c20', '5305', 'Gudžiūnų', 'cac8d3b0-c96f-492f-b361-260284f3c573');
INSERT INTO elderships (id, code, name, municipality_id) VALUES ('9e3f6b76-6b63-43fe-8eac-e68f093855ab', '5313', 'Dotnuvos', 'cac8d3b0-c96f-492f-b361-260284f3c573');
INSERT INTO elderships (id, code, name, municipality_id) VALUES ('719c046b-c138-4807-bdbb-08778e930326', '5317', 'Josvainių', 'cac8d3b0-c96f-492f-b361-260284f3c573');
INSERT INTO elderships (id, code, name, municipality_id) VALUES ('988f7502-bb65-481a-984f-9d0a477ebdc8', '5325', 'Krakių', 'cac8d3b0-c96f-492f-b361-260284f3c573');
INSERT INTO elderships (id, code, name, municipality_id) VALUES ('836269bb-2e2c-4e5b-95fe-8e6c4218b6e8', '5349', 'Pelėdnagių', 'cac8d3b0-c96f-492f-b361-260284f3c573');
INSERT INTO elderships (id, code, name, municipality_id) VALUES ('124dfb81-58c8-496e-8359-eb2b2f79f696', '5352', 'Pernaravos', 'cac8d3b0-c96f-492f-b361-260284f3c573');
INSERT INTO elderships (id, code, name, municipality_id) VALUES ('39d6d7f5-77f4-457a-8bce-06e09532e5d2', '5355', 'Surviliškio', 'cac8d3b0-c96f-492f-b361-260284f3c573');
INSERT INTO elderships (id, code, name, municipality_id) VALUES ('ae54e95a-7706-4c39-91d4-77d2fdaa946e', '5370', 'Truskavos', 'cac8d3b0-c96f-492f-b361-260284f3c573');
INSERT INTO elderships (id, code, name, municipality_id) VALUES ('d1bc7a10-290e-4e5f-b474-307d8d6b5bbf', '5377', 'Šėtos', 'cac8d3b0-c96f-492f-b361-260284f3c573');
INSERT INTO elderships (id, code, name, municipality_id) VALUES ('94663f31-2feb-4a42-bb86-4b5acf7d9e13', '5401', 'Kelmės', '29b482bd-6422-41bb-bd1a-4a78291f2eaa');
INSERT INTO elderships (id, code, name, municipality_id) VALUES ('38745cf8-e521-402c-a5fd-442efad4c14a', '5405', 'Vaiguvos', '29b482bd-6422-41bb-bd1a-4a78291f2eaa');
INSERT INTO elderships (id, code, name, municipality_id) VALUES ('a2c3f74a-46d6-47f3-ae17-ea2e17a031bb', '5409', 'Kukečių', '29b482bd-6422-41bb-bd1a-4a78291f2eaa');
INSERT INTO elderships (id, code, name, municipality_id) VALUES ('82540819-4a57-4402-9dbb-4c1440a2d0cb', '5419', 'Kelmės apylinkių', '29b482bd-6422-41bb-bd1a-4a78291f2eaa');
INSERT INTO elderships (id, code, name, municipality_id) VALUES ('55b16162-e1b1-4b20-b8cd-dae4299d737e', '5425', 'Kražių', '29b482bd-6422-41bb-bd1a-4a78291f2eaa');
INSERT INTO elderships (id, code, name, municipality_id) VALUES ('e5a15213-f5e4-4b64-93ca-c0722c3d3235', '5437', 'Liolių', '29b482bd-6422-41bb-bd1a-4a78291f2eaa');
INSERT INTO elderships (id, code, name, municipality_id) VALUES ('2c6dfa0f-e7b1-4119-8044-b18333af7f5b', '5456', 'Pakražančio', '29b482bd-6422-41bb-bd1a-4a78291f2eaa');
INSERT INTO elderships (id, code, name, municipality_id) VALUES ('d20ef7bb-8499-45c1-bb8b-0902726b230c', '5473', 'Tytuvėnų', '29b482bd-6422-41bb-bd1a-4a78291f2eaa');
INSERT INTO elderships (id, code, name, municipality_id) VALUES ('36d3c4b7-e879-4a70-bb1f-bf32a01685ce', '5475', 'Tytuvėnų apylinkių', '29b482bd-6422-41bb-bd1a-4a78291f2eaa');
INSERT INTO elderships (id, code, name, municipality_id) VALUES ('160affa0-effd-4aeb-80f5-861368bbcb6d', '5477', 'Užvenčio', '29b482bd-6422-41bb-bd1a-4a78291f2eaa');
INSERT INTO elderships (id, code, name, municipality_id) VALUES ('4896ddcb-c5e1-4d55-8a68-df0e25c38815', '5480', 'Šaukėnų', '29b482bd-6422-41bb-bd1a-4a78291f2eaa');
INSERT INTO elderships (id, code, name, municipality_id) VALUES ('45d49e9a-c56e-4a71-859d-16a588bf6162', '5501', 'Gargždų', '4965cf6e-2d60-4a4e-a0b8-306f5a8e2a13');
INSERT INTO elderships (id, code, name, municipality_id) VALUES ('18b70435-9041-43c0-bcf9-f4eb28c41be1', '5504', 'Agluonėnų', '4965cf6e-2d60-4a4e-a0b8-306f5a8e2a13');
INSERT INTO elderships (id, code, name, municipality_id) VALUES ('98824eb6-4716-4e48-9fbc-9fcf11eb59c9', '5510', 'Judrėnų', '4965cf6e-2d60-4a4e-a0b8-306f5a8e2a13');
INSERT INTO elderships (id, code, name, municipality_id) VALUES ('0851e83d-d879-4885-99a0-e24b03e16df3', '5513', 'Vėžaičių', '4965cf6e-2d60-4a4e-a0b8-306f5a8e2a13');
INSERT INTO elderships (id, code, name, municipality_id) VALUES ('6da60320-5ef4-4232-b519-772aee8b47ec', '5518', 'Veiviržėnų', '4965cf6e-2d60-4a4e-a0b8-306f5a8e2a13');
INSERT INTO elderships (id, code, name, municipality_id) VALUES ('e34b6e01-faba-4fc5-825c-221175b249e9', '5525', 'Dauparų-Kvietinių', '4965cf6e-2d60-4a4e-a0b8-306f5a8e2a13');
INSERT INTO elderships (id, code, name, municipality_id) VALUES ('491dee53-e81b-49e4-ad36-a409832b158a', '5536', 'Dovilų', '4965cf6e-2d60-4a4e-a0b8-306f5a8e2a13');
INSERT INTO elderships (id, code, name, municipality_id) VALUES ('8dd72e5b-2ad1-41a0-b6a4-6fe91b67fd27', '5547', 'Kretingalės', '4965cf6e-2d60-4a4e-a0b8-306f5a8e2a13');
INSERT INTO elderships (id, code, name, municipality_id) VALUES ('b57d55ab-c6e7-4bee-b61a-8fd63542f3f8', '5566', 'Priekulės', '4965cf6e-2d60-4a4e-a0b8-306f5a8e2a13');
INSERT INTO elderships (id, code, name, municipality_id) VALUES ('cc4e32a5-4851-4057-be40-55b9b16f445d', '5570', 'Sendvario', '4965cf6e-2d60-4a4e-a0b8-306f5a8e2a13');
INSERT INTO elderships (id, code, name, municipality_id) VALUES ('67da3711-f562-4eb6-b259-7abbc3b63ab1', '5581', 'Endriejavo', '4965cf6e-2d60-4a4e-a0b8-306f5a8e2a13');
INSERT INTO elderships (id, code, name, municipality_id) VALUES ('65c8cfa1-4986-4323-b203-14772b5f5bef', '5601', 'Kretingos miesto', '3871ddbd-299b-402b-aca5-ae6d0b019810');
INSERT INTO elderships (id, code, name, municipality_id) VALUES ('d2ee01ea-852e-4cdb-8298-f64343cdd6e8', '5610', 'Salantų miesto', '3871ddbd-299b-402b-aca5-ae6d0b019810');
INSERT INTO elderships (id, code, name, municipality_id) VALUES ('dd74012b-70da-4a21-92f0-95929bb40907', '5618', 'Darbėnų', '3871ddbd-299b-402b-aca5-ae6d0b019810');
INSERT INTO elderships (id, code, name, municipality_id) VALUES ('2c6ace08-bdd3-4bba-89a1-e26d1763cb2e', '5623', 'Žalgirio', '3871ddbd-299b-402b-aca5-ae6d0b019810');
INSERT INTO elderships (id, code, name, municipality_id) VALUES ('f9198ac1-b695-4d70-85ed-aeb7b6fe8ce6', '5634', 'Imbarės', '3871ddbd-299b-402b-aca5-ae6d0b019810');
INSERT INTO elderships (id, code, name, municipality_id) VALUES ('a961a0ff-b7ea-4ba7-bcad-2e32e146d467', '5645', 'Kartenos', '3871ddbd-299b-402b-aca5-ae6d0b019810');
INSERT INTO elderships (id, code, name, municipality_id) VALUES ('70d362e0-9af0-4ca3-b477-fcea030ca9c2', '5651', 'Kretingos', '3871ddbd-299b-402b-aca5-ae6d0b019810');
INSERT INTO elderships (id, code, name, municipality_id) VALUES ('7a086701-0af0-4497-9bd7-5eacabbed67f', '5656', 'Kūlupėnų', '3871ddbd-299b-402b-aca5-ae6d0b019810');
INSERT INTO elderships (id, code, name, municipality_id) VALUES ('53f1c814-e849-45e1-ba17-67a1a58f1cf3', '5711', 'Alizavos', 'cec0c139-44b6-4d03-b634-a65544935cdc');
INSERT INTO elderships (id, code, name, municipality_id) VALUES ('73d92f40-7621-41c9-9dfe-91414e8c6d27', '5719', 'Kupiškio', 'cec0c139-44b6-4d03-b634-a65544935cdc');
INSERT INTO elderships (id, code, name, municipality_id) VALUES ('0bf6ac62-8c5b-4466-bbe8-b829773fa8c3', '5744', 'Noriūnų', 'cec0c139-44b6-4d03-b634-a65544935cdc');
INSERT INTO elderships (id, code, name, municipality_id) VALUES ('ba967c68-bc06-44fd-8028-4bb8a9e0a597', '5777', 'Skapiškio', 'cec0c139-44b6-4d03-b634-a65544935cdc');
INSERT INTO elderships (id, code, name, municipality_id) VALUES ('f2e35758-94e7-4e2e-adf8-fd5e23158bc0', '5785', 'Subačiaus', 'cec0c139-44b6-4d03-b634-a65544935cdc');
INSERT INTO elderships (id, code, name, municipality_id) VALUES ('16ce1301-587d-4d76-ab54-c52a95fe189e', '5795', 'Šimonių', 'cec0c139-44b6-4d03-b634-a65544935cdc');
INSERT INTO elderships (id, code, name, municipality_id) VALUES ('ab5e7e1e-87f0-45d4-83fd-939c65fd507d', '5832', 'Kazlų Rūdos', '97cb8dbf-9b49-4a08-b2e3-6bbe6ffb5443');
INSERT INTO elderships (id, code, name, municipality_id) VALUES ('0b9ece5c-a845-40b1-8c2b-dff58ab20267', '5833', 'Plutiškių', '97cb8dbf-9b49-4a08-b2e3-6bbe6ffb5443');
INSERT INTO elderships (id, code, name, municipality_id) VALUES ('e57a7237-ce2b-4c73-952e-4f2ff805bd47', '5867', 'Antanavo', '97cb8dbf-9b49-4a08-b2e3-6bbe6ffb5443');
INSERT INTO elderships (id, code, name, municipality_id) VALUES ('19354940-e70e-4eeb-97bf-29fabc01eaa5', '5894', 'Jankų', '97cb8dbf-9b49-4a08-b2e3-6bbe6ffb5443');
INSERT INTO elderships (id, code, name, municipality_id) VALUES ('adf9710e-aa4e-448a-9a2f-45791450d31d', '5901', 'Lazdijų miesto', 'cec6d119-5eb0-4d67-b7bf-a0fb2619740d');
INSERT INTO elderships (id, code, name, municipality_id) VALUES ('b360da1c-0c67-49da-8499-cc58dead6b54', '5908', 'Būdviečio', 'cec6d119-5eb0-4d67-b7bf-a0fb2619740d');
INSERT INTO elderships (id, code, name, municipality_id) VALUES ('597725dd-b228-4992-8aa7-9b5f2b7074e0', '5925', 'Kapčiamiesčio', 'cec6d119-5eb0-4d67-b7bf-a0fb2619740d');
INSERT INTO elderships (id, code, name, municipality_id) VALUES ('0eb276ef-7b8d-45f4-9220-d0e2d30a0451', '5930', 'Krosnos', 'cec6d119-5eb0-4d67-b7bf-a0fb2619740d');
INSERT INTO elderships (id, code, name, municipality_id) VALUES ('87abd4db-9c2f-428b-9a0c-c9bc27a7473e', '5937', 'Kučiūnų', 'cec6d119-5eb0-4d67-b7bf-a0fb2619740d');
INSERT INTO elderships (id, code, name, municipality_id) VALUES ('07602382-8a80-4e92-b1c8-7a72cdbbac61', '5940', 'Lazdijų', 'cec6d119-5eb0-4d67-b7bf-a0fb2619740d');
INSERT INTO elderships (id, code, name, municipality_id) VALUES ('94776a8a-d84d-4ca1-b87c-8dfc6de71009', '5950', 'Noragėlių', 'cec6d119-5eb0-4d67-b7bf-a0fb2619740d');
INSERT INTO elderships (id, code, name, municipality_id) VALUES ('7ba81f14-5763-40b5-81ea-bfc4af1a7170', '5969', 'Seirijų', 'cec6d119-5eb0-4d67-b7bf-a0fb2619740d');
INSERT INTO elderships (id, code, name, municipality_id) VALUES ('395fb438-662b-4f08-9333-2fd49bcaff3e', '5979', 'Šventežerio', 'cec6d119-5eb0-4d67-b7bf-a0fb2619740d');
INSERT INTO elderships (id, code, name, municipality_id) VALUES ('e50d4077-162a-41ac-b346-62cf8514c578', '5990', 'Šeštokų', 'cec6d119-5eb0-4d67-b7bf-a0fb2619740d');
INSERT INTO elderships (id, code, name, municipality_id) VALUES ('c3c3da98-0ffa-4d95-8f31-fd302e4252d7', '6107', 'Židikų', '46328d8a-2076-4dee-8641-1cfc5a3e0310');
INSERT INTO elderships (id, code, name, municipality_id) VALUES ('406f9c0e-adfa-4ccd-81f5-78aa6856f7a5', '6111', 'Mažeikių', '46328d8a-2076-4dee-8641-1cfc5a3e0310');
INSERT INTO elderships (id, code, name, municipality_id) VALUES ('81d2656d-4488-42c2-906e-8623645cd023', '6112', 'Laižuvos', '46328d8a-2076-4dee-8641-1cfc5a3e0310');
INSERT INTO elderships (id, code, name, municipality_id) VALUES ('ad46d597-0a58-4f19-99b5-0224091e98aa', '6119', 'Mažeikių apylinkės', '46328d8a-2076-4dee-8641-1cfc5a3e0310');
INSERT INTO elderships (id, code, name, municipality_id) VALUES ('8c766ad8-1b97-47b5-8593-1f2692548cee', '6120', 'Viekšnių', '46328d8a-2076-4dee-8641-1cfc5a3e0310');
INSERT INTO elderships (id, code, name, municipality_id) VALUES ('ff87d10d-0d1b-46ad-ad3f-fc8733f3c452', '6124', 'Reivyčių', '46328d8a-2076-4dee-8641-1cfc5a3e0310');
INSERT INTO elderships (id, code, name, municipality_id) VALUES ('1ee82d12-e2f2-45f6-9dba-68103d8fff2f', '6135', 'Sedos', '46328d8a-2076-4dee-8641-1cfc5a3e0310');
INSERT INTO elderships (id, code, name, municipality_id) VALUES ('355a5b83-54b6-4606-9fe1-7aa5389eb8ba', '6146', 'Tirkšlių', '46328d8a-2076-4dee-8641-1cfc5a3e0310');
INSERT INTO elderships (id, code, name, municipality_id) VALUES ('87561dee-2dfa-491d-ba45-7e16001fd0d6', '6168', 'Šerkšnėnų', '46328d8a-2076-4dee-8641-1cfc5a3e0310');
INSERT INTO elderships (id, code, name, municipality_id) VALUES ('c2e1bb6b-95b4-44e5-ba3c-dfbd5b068429', '6204', 'Alantos', '19316909-3f7c-4ecf-b11b-c33ea697a6bf');
INSERT INTO elderships (id, code, name, municipality_id) VALUES ('782bc3c2-2ce0-478d-b089-2448cd12ac8f', '6213', 'Balninkų', '19316909-3f7c-4ecf-b11b-c33ea697a6bf');
INSERT INTO elderships (id, code, name, municipality_id) VALUES ('b4c0a4ec-22dc-443e-b07f-ad5c59b9ab84', '6219', 'Videniškių', '19316909-3f7c-4ecf-b11b-c33ea697a6bf');
INSERT INTO elderships (id, code, name, municipality_id) VALUES ('2961e568-cb43-44b1-94b4-8c84a2bd6b3f', '6230', 'Giedraičių', '19316909-3f7c-4ecf-b11b-c33ea697a6bf');
INSERT INTO elderships (id, code, name, municipality_id) VALUES ('8618cae2-88d3-4a9f-980f-1c385bcbd0ba', '6237', 'Dubingių', '19316909-3f7c-4ecf-b11b-c33ea697a6bf');
INSERT INTO elderships (id, code, name, municipality_id) VALUES ('eef11038-e7b6-4b23-bebb-5a9597a083f5', '6246', 'Inturkės', '19316909-3f7c-4ecf-b11b-c33ea697a6bf');
INSERT INTO elderships (id, code, name, municipality_id) VALUES ('24bf08cc-cf74-409a-83c0-b1e1aba49ef7', '6250', 'Joniškio', '19316909-3f7c-4ecf-b11b-c33ea697a6bf');
INSERT INTO elderships (id, code, name, municipality_id) VALUES ('644a55da-3cd2-4aff-9487-6f445592e148', '6258', 'Luokesos', '19316909-3f7c-4ecf-b11b-c33ea697a6bf');
INSERT INTO elderships (id, code, name, municipality_id) VALUES ('d1f47f02-9c81-4c34-9c72-ec6415497cfb', '6262', 'Mindūnų', '19316909-3f7c-4ecf-b11b-c33ea697a6bf');
INSERT INTO elderships (id, code, name, municipality_id) VALUES ('60cf6ca4-015a-49a4-818e-9cbc29444720', '6285', 'Suginčių', '19316909-3f7c-4ecf-b11b-c33ea697a6bf');
INSERT INTO elderships (id, code, name, municipality_id) VALUES ('f87ed277-9c69-41c2-9f54-1a3510a6b6a9', '6296', 'Čiulėnų', '19316909-3f7c-4ecf-b11b-c33ea697a6bf');
INSERT INTO elderships (id, code, name, municipality_id) VALUES ('c51fb3bc-0c94-4f1d-a295-3a6f8959dd2c', '6308', 'Lumpėnų', '80655b5d-45d1-46e1-acde-445d5e40a4c9');
INSERT INTO elderships (id, code, name, municipality_id) VALUES ('1a683d6f-ee21-44a2-b097-170204394df0', '6309', 'Vilkyškių', '80655b5d-45d1-46e1-acde-445d5e40a4c9');
INSERT INTO elderships (id, code, name, municipality_id) VALUES ('2e1a60dc-819f-4ab1-b823-107cd55a6745', '6360', 'Pagėgių', '80655b5d-45d1-46e1-acde-445d5e40a4c9');
INSERT INTO elderships (id, code, name, municipality_id) VALUES ('3126db53-c38c-43ad-913a-88c1e8c43de4', '6361', 'Natkiškių', '80655b5d-45d1-46e1-acde-445d5e40a4c9');
INSERT INTO elderships (id, code, name, municipality_id) VALUES ('54161717-d453-4c7a-9ee8-2f0594850746', '6378', 'Stoniškių', '80655b5d-45d1-46e1-acde-445d5e40a4c9');
INSERT INTO elderships (id, code, name, municipality_id) VALUES ('e855e9db-8cd6-4a80-b603-249dfc928ce0', '6504', 'Guostagalio', 'ee7c439f-46a8-4df4-a50f-12f4bb456083');
INSERT INTO elderships (id, code, name, municipality_id) VALUES ('d55637c7-943f-426d-b753-c9073f87b2a6', '6512', 'Žeimelio', 'ee7c439f-46a8-4df4-a50f-12f4bb456083');
INSERT INTO elderships (id, code, name, municipality_id) VALUES ('d51371d1-7581-4018-ad0a-b1b3a1c3afb8', '6518', 'Klovainių', 'ee7c439f-46a8-4df4-a50f-12f4bb456083');
INSERT INTO elderships (id, code, name, municipality_id) VALUES ('e252a594-ceab-4d7e-8e46-de220ff3b812', '6529', 'Lygumų', 'ee7c439f-46a8-4df4-a50f-12f4bb456083');
INSERT INTO elderships (id, code, name, municipality_id) VALUES ('a5bdab98-99d1-47fb-9be2-2d6c4deba178', '6536', 'Linkuvos', 'ee7c439f-46a8-4df4-a50f-12f4bb456083');
INSERT INTO elderships (id, code, name, municipality_id) VALUES ('60f8ce33-e016-48e2-840e-327d438536d6', '6546', 'Pakruojo', 'ee7c439f-46a8-4df4-a50f-12f4bb456083');
INSERT INTO elderships (id, code, name, municipality_id) VALUES ('f7aec8b2-8c2d-46e7-a299-d00773bed712', '6558', 'Pašvitinio', 'ee7c439f-46a8-4df4-a50f-12f4bb456083');
INSERT INTO elderships (id, code, name, municipality_id) VALUES ('7213f311-9255-4f7b-a93e-f8f061ffed09', '6568', 'Rozalimo', 'ee7c439f-46a8-4df4-a50f-12f4bb456083');
INSERT INTO elderships (id, code, name, municipality_id) VALUES ('1bad3e60-5886-4226-9966-7812a65e942c', '6608', 'Vadoklių', 'af67c9e1-52eb-4467-bf54-2c8623a1e643');
INSERT INTO elderships (id, code, name, municipality_id) VALUES ('14db7782-60ab-4365-b7ae-154e63c8011b', '6616', 'Velžio', 'af67c9e1-52eb-4467-bf54-2c8623a1e643');
INSERT INTO elderships (id, code, name, municipality_id) VALUES ('4370b809-102b-46f3-af1a-4d585d3ffb37', '6625', 'Karsakiškio', 'af67c9e1-52eb-4467-bf54-2c8623a1e643');
INSERT INTO elderships (id, code, name, municipality_id) VALUES ('535982ee-3bb9-4d6d-9030-5c28ab23bd57', '6630', 'Krekenavos', 'af67c9e1-52eb-4467-bf54-2c8623a1e643');
INSERT INTO elderships (id, code, name, municipality_id) VALUES ('9f4a503d-ff81-4834-af8f-75d83a4dc9f0', '6637', 'Miežiškių', 'af67c9e1-52eb-4467-bf54-2c8623a1e643');
INSERT INTO elderships (id, code, name, municipality_id) VALUES ('14bfcbfb-c6f9-48e7-8d38-5badb24f553a', '6642', 'Naujamiesčio', 'af67c9e1-52eb-4467-bf54-2c8623a1e643');
INSERT INTO elderships (id, code, name, municipality_id) VALUES ('bc4f3f85-af69-4131-b17c-fc8ea8b39b85', '6647', 'Panevėžio', 'af67c9e1-52eb-4467-bf54-2c8623a1e643');
INSERT INTO elderships (id, code, name, municipality_id) VALUES ('5252bcae-9255-4336-b265-cc6e430f2fb1', '6661', 'Raguvos', 'af67c9e1-52eb-4467-bf54-2c8623a1e643');
INSERT INTO elderships (id, code, name, municipality_id) VALUES ('9c64edd4-116c-409c-a55c-cf71f1ac508e', '6664', 'Ramygalos', 'af67c9e1-52eb-4467-bf54-2c8623a1e643');
INSERT INTO elderships (id, code, name, municipality_id) VALUES ('82521d88-ff4f-4192-91ae-df3ee03d3b35', '6679', 'Smilgių', 'af67c9e1-52eb-4467-bf54-2c8623a1e643');
INSERT INTO elderships (id, code, name, municipality_id) VALUES ('1a368402-8a5b-4bdf-8e97-c1ec5b44c08a', '6690', 'Upytės', 'af67c9e1-52eb-4467-bf54-2c8623a1e643');
INSERT INTO elderships (id, code, name, municipality_id) VALUES ('070da0b0-00db-4c0a-af1e-495dd42d3705', '6695', 'Paįstrio', 'af67c9e1-52eb-4467-bf54-2c8623a1e643');
INSERT INTO elderships (id, code, name, municipality_id) VALUES ('8129d921-61fc-4376-83b8-b16fc58fe384', '6701', 'Pasvalio miesto', 'd44d746d-29ec-4ee6-9b1b-9f8c6ec16c0d');
INSERT INTO elderships (id, code, name, municipality_id) VALUES ('47ac37e0-0199-40b7-8cfd-65092ccc2346', '6704', 'Joniškėlio miesto', 'd44d746d-29ec-4ee6-9b1b-9f8c6ec16c0d');
INSERT INTO elderships (id, code, name, municipality_id) VALUES ('6de83bd8-379a-46ff-8795-207926f5f6ee', '6706', 'Vaškų', 'd44d746d-29ec-4ee6-9b1b-9f8c6ec16c0d');
INSERT INTO elderships (id, code, name, municipality_id) VALUES ('b576ee82-869d-4d54-8f64-4bf713bdb1b2', '6715', 'Daujėnų', 'd44d746d-29ec-4ee6-9b1b-9f8c6ec16c0d');
INSERT INTO elderships (id, code, name, municipality_id) VALUES ('9b08fa08-6883-4825-8ed4-9ef245bbf71f', '6724', 'Joniškėlio apylinkių', 'd44d746d-29ec-4ee6-9b1b-9f8c6ec16c0d');
INSERT INTO elderships (id, code, name, municipality_id) VALUES ('5e9b0238-2bb4-4c67-a6b9-c445b240e7a5', '6738', 'Krinčino', 'd44d746d-29ec-4ee6-9b1b-9f8c6ec16c0d');
INSERT INTO elderships (id, code, name, municipality_id) VALUES ('b87bc00e-748c-4be4-b027-f12d5f848f30', '6749', 'Pasvalio apylinkių', 'd44d746d-29ec-4ee6-9b1b-9f8c6ec16c0d');
INSERT INTO elderships (id, code, name, municipality_id) VALUES ('fc70c50a-0333-4e83-a1ac-f1c909fa6f40', '6752', 'Pumpėnų', 'd44d746d-29ec-4ee6-9b1b-9f8c6ec16c0d');
INSERT INTO elderships (id, code, name, municipality_id) VALUES ('ad31d751-ef3f-4baa-a8ea-967ec1701531', '6754', 'Pušaloto', 'd44d746d-29ec-4ee6-9b1b-9f8c6ec16c0d');
INSERT INTO elderships (id, code, name, municipality_id) VALUES ('c0d33c7f-6b3c-4c4e-a258-02db3c85194b', '6773', 'Saločių', 'd44d746d-29ec-4ee6-9b1b-9f8c6ec16c0d');
INSERT INTO elderships (id, code, name, municipality_id) VALUES ('259c60d1-d45e-43f0-8396-16e2f26b4fa3', '6780', 'Namišių', 'd44d746d-29ec-4ee6-9b1b-9f8c6ec16c0d');
INSERT INTO elderships (id, code, name, municipality_id) VALUES ('fdaa2326-3840-4e53-bd7e-b61fac864e99', '6801', 'Plungės miesto', '313f285b-0391-4661-9957-2691aeec2f7a');
INSERT INTO elderships (id, code, name, municipality_id) VALUES ('af329541-2981-4f71-a1fb-787ae77dc2c6', '6807', 'Alsėdžių', '313f285b-0391-4661-9957-2691aeec2f7a');
INSERT INTO elderships (id, code, name, municipality_id) VALUES ('2f80e1a4-97bb-4972-8a82-f8048904ed2c', '6809', 'Babrungo', '313f285b-0391-4661-9957-2691aeec2f7a');
INSERT INTO elderships (id, code, name, municipality_id) VALUES ('0f1d2ec9-4eda-4a0b-a2d1-abd85651ab5a', '6819', 'Žemaičių Kalvarijos', '313f285b-0391-4661-9957-2691aeec2f7a');
INSERT INTO elderships (id, code, name, municipality_id) VALUES ('130b25fc-b6b5-4d89-93f2-bf398b543328', '6826', 'Žlibinų', '313f285b-0391-4661-9957-2691aeec2f7a');
INSERT INTO elderships (id, code, name, municipality_id) VALUES ('d97aef19-9c8d-421b-be54-363de642f02e', '6837', 'Kulių', '313f285b-0391-4661-9957-2691aeec2f7a');
INSERT INTO elderships (id, code, name, municipality_id) VALUES ('82298d73-8d71-413b-9914-79662014a299', '6855', 'Nausodžio', '313f285b-0391-4661-9957-2691aeec2f7a');
INSERT INTO elderships (id, code, name, municipality_id) VALUES ('05f3eec7-0122-40a9-8ad9-b1f9aa3a30a6', '6860', 'Paukštakių', '313f285b-0391-4661-9957-2691aeec2f7a');
INSERT INTO elderships (id, code, name, municipality_id) VALUES ('497d4b5d-ec03-4ca0-b872-d92254d316ea', '6866', 'Platelių', '313f285b-0391-4661-9957-2691aeec2f7a');
INSERT INTO elderships (id, code, name, municipality_id) VALUES ('19c6ef21-5620-465c-80b8-ebdfc725b3a8', '6883', 'Stalgėnų', '313f285b-0391-4661-9957-2691aeec2f7a');
INSERT INTO elderships (id, code, name, municipality_id) VALUES ('0ee4a35c-90dd-4192-8dc7-71e33cb39fb2', '6895', 'Šateikių', '313f285b-0391-4661-9957-2691aeec2f7a');
INSERT INTO elderships (id, code, name, municipality_id) VALUES ('eb66625d-118a-4866-bc4b-2a5d2f0576bf', '6901', 'Prienų', 'b34067e1-b488-4e63-b628-c0a519bca4fc');
INSERT INTO elderships (id, code, name, municipality_id) VALUES ('c69bd774-183a-4ddc-9765-235dafcdb8eb', '6908', 'Balbieriškio', 'b34067e1-b488-4e63-b628-c0a519bca4fc');
INSERT INTO elderships (id, code, name, municipality_id) VALUES ('c2306b32-0d9a-48c5-9ebb-512bd50f7941', '6925', 'Veiverių', 'b34067e1-b488-4e63-b628-c0a519bca4fc');
INSERT INTO elderships (id, code, name, municipality_id) VALUES ('a4113791-d013-4efc-9966-f40c0551772a', '6930', 'Jiezno', 'b34067e1-b488-4e63-b628-c0a519bca4fc');
INSERT INTO elderships (id, code, name, municipality_id) VALUES ('30b18c2d-a02b-4ec2-b7c9-a0cc2c36975c', '6935', 'Išlaužo', 'b34067e1-b488-4e63-b628-c0a519bca4fc');
INSERT INTO elderships (id, code, name, municipality_id) VALUES ('a786899f-94e1-4f8b-b2a2-76f5782cbd52', '6950', 'Naujosios Ūtos', 'b34067e1-b488-4e63-b628-c0a519bca4fc');
INSERT INTO elderships (id, code, name, municipality_id) VALUES ('9f3f4a8d-c712-44e7-9269-d538831dd202', '6961', 'Pakuonio', 'b34067e1-b488-4e63-b628-c0a519bca4fc');
INSERT INTO elderships (id, code, name, municipality_id) VALUES ('ba5dfe44-984e-49ab-a61c-dc4677ec67ab', '6973', 'Stakliškių', 'b34067e1-b488-4e63-b628-c0a519bca4fc');
INSERT INTO elderships (id, code, name, municipality_id) VALUES ('e448f228-3633-46cf-9eda-8de37ebfa3c3', '6984', 'Šilavoto', 'b34067e1-b488-4e63-b628-c0a519bca4fc');
INSERT INTO elderships (id, code, name, municipality_id) VALUES ('ae4f75b0-6a28-4782-b8cd-028c26bf8514', '7108', 'Aukštelkų', '58cc4eaa-01d9-434f-8400-1fc7e8bb7481');
INSERT INTO elderships (id, code, name, municipality_id) VALUES ('25ed14e7-503d-4583-be95-642ef19cdc69', '7113', 'Baisogalos', '58cc4eaa-01d9-434f-8400-1fc7e8bb7481');
INSERT INTO elderships (id, code, name, municipality_id) VALUES ('fb033c02-5f02-4e3d-9cca-d5ae067a24fe', '7115', 'Grinkiškio', '58cc4eaa-01d9-434f-8400-1fc7e8bb7481');
INSERT INTO elderships (id, code, name, municipality_id) VALUES ('f7c52318-bd17-4c8d-aa99-40730929505f', '7127', 'Pakalniškių', '58cc4eaa-01d9-434f-8400-1fc7e8bb7481');
INSERT INTO elderships (id, code, name, municipality_id) VALUES ('f48b046e-ddbe-40ca-a736-c41705fc2374', '7135', 'Radviliškio', '58cc4eaa-01d9-434f-8400-1fc7e8bb7481');
INSERT INTO elderships (id, code, name, municipality_id) VALUES ('793bc693-86cb-4c1f-aba0-bcbe959310df', '7149', 'Sidabravo', '58cc4eaa-01d9-434f-8400-1fc7e8bb7481');
INSERT INTO elderships (id, code, name, municipality_id) VALUES ('c02d3d88-95e0-423a-a996-486621f8fa5e', '7154', 'Skėmių', '58cc4eaa-01d9-434f-8400-1fc7e8bb7481');
INSERT INTO elderships (id, code, name, municipality_id) VALUES ('b01e1f31-34d3-494e-b08f-76400423518f', '7160', 'Radviliškio miesto', '58cc4eaa-01d9-434f-8400-1fc7e8bb7481');
INSERT INTO elderships (id, code, name, municipality_id) VALUES ('1eb592ee-26eb-4283-9b37-384587249a88', '7161', 'Šeduvos miesto', '58cc4eaa-01d9-434f-8400-1fc7e8bb7481');
INSERT INTO elderships (id, code, name, municipality_id) VALUES ('944bd31a-0e2c-4ccc-82ea-7ef33985cb34', '7172', 'Šaukoto', '58cc4eaa-01d9-434f-8400-1fc7e8bb7481');
INSERT INTO elderships (id, code, name, municipality_id) VALUES ('06c889b6-8b70-4e51-891c-081bea6f8eca', '7184', 'Šiaulėnų', '58cc4eaa-01d9-434f-8400-1fc7e8bb7481');
INSERT INTO elderships (id, code, name, municipality_id) VALUES ('b3019d95-efc9-4ae4-9466-4584d3842ce1', '7187', 'Tyrulių', '58cc4eaa-01d9-434f-8400-1fc7e8bb7481');
INSERT INTO elderships (id, code, name, municipality_id) VALUES ('6f0a0507-599e-4da7-baec-a9bc63293ff3', '7201', 'Raseinių miesto', '12422f3b-2d9d-40d6-bbe4-6ff93bf23848');
INSERT INTO elderships (id, code, name, municipality_id) VALUES ('924e577b-3a57-49ac-b2bd-5279591a1cc0', '7205', 'Ariogalos miesto', '12422f3b-2d9d-40d6-bbe4-6ff93bf23848');
INSERT INTO elderships (id, code, name, municipality_id) VALUES ('01ccde5e-c1ae-4487-b193-a61375b8b0cc', '7209', 'Ariogalos', '12422f3b-2d9d-40d6-bbe4-6ff93bf23848');
INSERT INTO elderships (id, code, name, municipality_id) VALUES ('9615e1fa-909b-472e-acdc-4737e4506b44', '7213', 'Betygalos', '12422f3b-2d9d-40d6-bbe4-6ff93bf23848');
INSERT INTO elderships (id, code, name, municipality_id) VALUES ('947022b1-deaf-438c-a2f6-2e4f87e7c1e6', '7219', 'Viduklės', '12422f3b-2d9d-40d6-bbe4-6ff93bf23848');
INSERT INTO elderships (id, code, name, municipality_id) VALUES ('8404356b-7314-452d-ba14-d7d74d37b286', '7226', 'Girkalnio', '12422f3b-2d9d-40d6-bbe4-6ff93bf23848');
INSERT INTO elderships (id, code, name, municipality_id) VALUES ('09f98646-f41d-451a-b85e-9a090014f741', '7245', 'Kalnujų', '12422f3b-2d9d-40d6-bbe4-6ff93bf23848');
INSERT INTO elderships (id, code, name, municipality_id) VALUES ('8d075357-33d2-48c0-9cdf-853b67f6d2c8', '7251', 'Nemakščių', '12422f3b-2d9d-40d6-bbe4-6ff93bf23848');
INSERT INTO elderships (id, code, name, municipality_id) VALUES ('162ea2af-d9c4-429e-a71f-b7a49f3c289a', '7262', 'Pagojukų', '12422f3b-2d9d-40d6-bbe4-6ff93bf23848');
INSERT INTO elderships (id, code, name, municipality_id) VALUES ('ac38eb63-220b-45a4-9698-b7f00ac5a663', '7273', 'Paliepių', '12422f3b-2d9d-40d6-bbe4-6ff93bf23848');
INSERT INTO elderships (id, code, name, municipality_id) VALUES ('ba22c58e-9fcf-4c67-be02-af844e6ebefe', '7284', 'Raseinių', '12422f3b-2d9d-40d6-bbe4-6ff93bf23848');
INSERT INTO elderships (id, code, name, municipality_id) VALUES ('0fa5e925-30f4-4b4b-9664-076e9807371d', '7295', 'Šiluvos', '12422f3b-2d9d-40d6-bbe4-6ff93bf23848');
INSERT INTO elderships (id, code, name, municipality_id) VALUES ('f25e0e30-2e45-4abb-91f1-16ada4eb6d55', '7301', 'Rokiškio miesto', 'd2fc3e5e-e3cf-44fa-bc9a-8c1739e93383');
INSERT INTO elderships (id, code, name, municipality_id) VALUES ('8cc52df4-c866-4ebe-b096-9e2f4298d223', '7312', 'Kazliškio', 'd2fc3e5e-e3cf-44fa-bc9a-8c1739e93383');
INSERT INTO elderships (id, code, name, municipality_id) VALUES ('e06c2297-076e-4d6f-b5b6-9aab7c1cc703', '7315', 'Kamajų', 'd2fc3e5e-e3cf-44fa-bc9a-8c1739e93383');
INSERT INTO elderships (id, code, name, municipality_id) VALUES ('6e0f3c43-6b07-4e47-860e-7a621b919b23', '7319', 'Kriaunų', 'd2fc3e5e-e3cf-44fa-bc9a-8c1739e93383');
INSERT INTO elderships (id, code, name, municipality_id) VALUES ('32b9b401-a3f6-4b09-b2dc-e0a924431afd', '7326', 'Obelių', 'd2fc3e5e-e3cf-44fa-bc9a-8c1739e93383');
INSERT INTO elderships (id, code, name, municipality_id) VALUES ('44a7aa63-7539-440b-ad8e-3aacb99ce1e3', '7329', 'Pandėlio', 'd2fc3e5e-e3cf-44fa-bc9a-8c1739e93383');
INSERT INTO elderships (id, code, name, municipality_id) VALUES ('f650ee0d-4f05-4e0e-ac4c-104b4cb5fbb8', '7331', 'Panemunėlio', 'd2fc3e5e-e3cf-44fa-bc9a-8c1739e93383');
INSERT INTO elderships (id, code, name, municipality_id) VALUES ('479654dd-4b73-43f1-8160-14a8a575bb84', '7345', 'Rokiškio kaimiškoji', 'd2fc3e5e-e3cf-44fa-bc9a-8c1739e93383');
INSERT INTO elderships (id, code, name, municipality_id) VALUES ('b3841684-29fe-4c84-974f-8558479c005f', '7375', 'Jūžintų', 'd2fc3e5e-e3cf-44fa-bc9a-8c1739e93383');
INSERT INTO elderships (id, code, name, municipality_id) VALUES ('f1516848-5278-4e06-b288-86bc23ece40c', '7386', 'Juodupės', 'd2fc3e5e-e3cf-44fa-bc9a-8c1739e93383');
INSERT INTO elderships (id, code, name, municipality_id) VALUES ('7eb24ec3-e063-4314-bfd0-62c3e6ffcc80', '7401', 'Rietavo miesto', '18cd5f82-d191-43c7-9305-557d1d3732d7');
INSERT INTO elderships (id, code, name, municipality_id) VALUES ('c679169a-4376-422d-98f0-fffa46a67487', '7440', 'Medingėnų', '18cd5f82-d191-43c7-9305-557d1d3732d7');
INSERT INTO elderships (id, code, name, municipality_id) VALUES ('7c2dcabd-50b0-481a-97d2-aac14046c9cf', '7475', 'Rietavo', '18cd5f82-d191-43c7-9305-557d1d3732d7');
INSERT INTO elderships (id, code, name, municipality_id) VALUES ('8f5d7876-c55d-44fb-abc7-246aae0d11f1', '7483', 'Daugėdų', '18cd5f82-d191-43c7-9305-557d1d3732d7');
INSERT INTO elderships (id, code, name, municipality_id) VALUES ('caa9b32e-7154-4d3d-83da-ab1d20203057', '7489', 'Tverų', '18cd5f82-d191-43c7-9305-557d1d3732d7');
INSERT INTO elderships (id, code, name, municipality_id) VALUES ('827402ac-e8c0-41b7-b06d-82dc3f3b7001', '7501', 'Skuodo miesto', '5473f684-3ad5-42c4-99e5-ec4436617ca2');
INSERT INTO elderships (id, code, name, municipality_id) VALUES ('d0c564aa-b7d2-4dcd-9d3a-2fef37126b29', '7508', 'Aleksandrijos', '5473f684-3ad5-42c4-99e5-ec4436617ca2');
INSERT INTO elderships (id, code, name, municipality_id) VALUES ('88bce164-8edf-4b60-8ad8-7c1412729447', '7512', 'Barstyčių', '5473f684-3ad5-42c4-99e5-ec4436617ca2');
INSERT INTO elderships (id, code, name, municipality_id) VALUES ('2a44cff9-b934-40d9-a723-193f6fc76a93', '7524', 'Ylakių', '5473f684-3ad5-42c4-99e5-ec4436617ca2');
INSERT INTO elderships (id, code, name, municipality_id) VALUES ('5553a528-9bfc-4b41-8784-cfd882d9dc4c', '7535', 'Lenkimų', '5473f684-3ad5-42c4-99e5-ec4436617ca2');
INSERT INTO elderships (id, code, name, municipality_id) VALUES ('867717b5-c6ed-4050-a2a4-1159179b76fe', '7546', 'Mosėdžio', '5473f684-3ad5-42c4-99e5-ec4436617ca2');
INSERT INTO elderships (id, code, name, municipality_id) VALUES ('4f8ae7ed-8313-4c54-8a5f-c85dd9bcb01f', '7557', 'Notėnų', '5473f684-3ad5-42c4-99e5-ec4436617ca2');
INSERT INTO elderships (id, code, name, municipality_id) VALUES ('eed4582f-d1e2-4849-af24-b9bd3c8bc53d', '7579', 'Skuodo', '5473f684-3ad5-42c4-99e5-ec4436617ca2');
INSERT INTO elderships (id, code, name, municipality_id) VALUES ('cf901a2c-7f7c-4dc8-afc7-800d403a1cfb', '7580', 'Šačių', '5473f684-3ad5-42c4-99e5-ec4436617ca2');
INSERT INTO elderships (id, code, name, municipality_id) VALUES ('d42c981e-41d9-4d5c-8abf-423ab1516a7a', '7701', 'Tauragės miesto', '86536530-f3bc-4784-a656-e4e0d4a839b8');
INSERT INTO elderships (id, code, name, municipality_id) VALUES ('1e43995d-e191-41c2-bb68-9cdcfdb81a07', '7712', 'Batakių', '86536530-f3bc-4784-a656-e4e0d4a839b8');
INSERT INTO elderships (id, code, name, municipality_id) VALUES ('dfc826e9-fc2d-42ff-a7cb-52c6adec1f5d', '7724', 'Gaurės', '86536530-f3bc-4784-a656-e4e0d4a839b8');
INSERT INTO elderships (id, code, name, municipality_id) VALUES ('c7f8c566-96ec-49f1-b02c-822112e71a33', '7737', 'Žygaičių', '86536530-f3bc-4784-a656-e4e0d4a839b8');
INSERT INTO elderships (id, code, name, municipality_id) VALUES ('1d9f5ba7-448f-4f3c-add5-3f9099268e16', '7748', 'Lauksargių', '86536530-f3bc-4784-a656-e4e0d4a839b8');
INSERT INTO elderships (id, code, name, municipality_id) VALUES ('a2b3ca4c-d8df-4a74-909e-8039eddd47fb', '7757', 'Mažonų', '86536530-f3bc-4784-a656-e4e0d4a839b8');
INSERT INTO elderships (id, code, name, municipality_id) VALUES ('e8e2b835-1cf1-4eb0-a718-270ff8ed9f07', '7778', 'Skaudvilės', '86536530-f3bc-4784-a656-e4e0d4a839b8');
INSERT INTO elderships (id, code, name, municipality_id) VALUES ('c15167df-62b4-49b3-9815-e34e4f564154', '7794', 'Tauragės', '86536530-f3bc-4784-a656-e4e0d4a839b8');
INSERT INTO elderships (id, code, name, municipality_id) VALUES ('fa94c0e2-4854-45e4-9194-c776e353feb6', '7810', 'Telšių miesto', '02efebd6-d5d6-40a8-9fd9-c227d7bb0104');
INSERT INTO elderships (id, code, name, municipality_id) VALUES ('7615b1e0-93ca-448a-82d2-8489c2e686c5', '7811', 'Varnių', '02efebd6-d5d6-40a8-9fd9-c227d7bb0104');
INSERT INTO elderships (id, code, name, municipality_id) VALUES ('781a9ce0-fcfe-4a10-8e88-960a13a28ba6', '7815', 'Viešvėnų', '02efebd6-d5d6-40a8-9fd9-c227d7bb0104');
INSERT INTO elderships (id, code, name, municipality_id) VALUES ('df999611-f80f-4d71-9e1e-34837e03016e', '7819', 'Gadūnavo', '02efebd6-d5d6-40a8-9fd9-c227d7bb0104');
INSERT INTO elderships (id, code, name, municipality_id) VALUES ('a5c7cd61-c7e2-4114-b750-104844b54557', '7824', 'Degaičių', '02efebd6-d5d6-40a8-9fd9-c227d7bb0104');
INSERT INTO elderships (id, code, name, municipality_id) VALUES ('553dd476-360d-4e9f-afbd-6e00c4e8627f', '7829', 'Žarėnų', '02efebd6-d5d6-40a8-9fd9-c227d7bb0104');
INSERT INTO elderships (id, code, name, municipality_id) VALUES ('50f2ef07-7d8d-4d05-bfa6-5e3158c5a125', '7836', 'Luokės', '02efebd6-d5d6-40a8-9fd9-c227d7bb0104');
INSERT INTO elderships (id, code, name, municipality_id) VALUES ('4c021ea6-808f-411a-8281-ce25289ed291', '7847', 'Nevarėnų', '02efebd6-d5d6-40a8-9fd9-c227d7bb0104');
INSERT INTO elderships (id, code, name, municipality_id) VALUES ('d9190df1-cffc-468e-8334-0144b4fb53fc', '7869', 'Ryškėnų', '02efebd6-d5d6-40a8-9fd9-c227d7bb0104');
INSERT INTO elderships (id, code, name, municipality_id) VALUES ('c04e4596-42b7-408a-b6ad-350f7c07e813', '7874', 'Tryškių', '02efebd6-d5d6-40a8-9fd9-c227d7bb0104');
INSERT INTO elderships (id, code, name, municipality_id) VALUES ('0a163860-5718-4f6c-b028-46283eb1e131', '7881', 'Upynos', '02efebd6-d5d6-40a8-9fd9-c227d7bb0104');
INSERT INTO elderships (id, code, name, municipality_id) VALUES ('e8a5b38e-baab-4b57-9fd7-a07707100ff4', '7904', 'Aukštadvario', '4bd49b40-51e9-45f1-bd90-5c4355b7b90c');
INSERT INTO elderships (id, code, name, municipality_id) VALUES ('dc02dcc7-de18-487f-bf1b-f7a5873e09c6', '7910', 'Lentvario', '4bd49b40-51e9-45f1-bd90-5c4355b7b90c');
INSERT INTO elderships (id, code, name, municipality_id) VALUES ('6401869a-ede8-4924-8973-e6f5352b633e', '7927', 'Grendavės', '4bd49b40-51e9-45f1-bd90-5c4355b7b90c');
INSERT INTO elderships (id, code, name, municipality_id) VALUES ('34495d12-4843-49d0-af65-179d5dc2665e', '7969', 'Onuškio', '4bd49b40-51e9-45f1-bd90-5c4355b7b90c');
INSERT INTO elderships (id, code, name, municipality_id) VALUES ('646373cf-4f94-40aa-9d1a-68285e074e1c', '7973', 'Paluknio', '4bd49b40-51e9-45f1-bd90-5c4355b7b90c');
INSERT INTO elderships (id, code, name, municipality_id) VALUES ('18ef3712-5313-431f-98ad-a11c0518d5e9', '7981', 'Rūdiškių', '4bd49b40-51e9-45f1-bd90-5c4355b7b90c');
INSERT INTO elderships (id, code, name, municipality_id) VALUES ('288a3bbc-3584-42ab-8b89-835eb4ce3942', '7990', 'Senųjų Trakų', '4bd49b40-51e9-45f1-bd90-5c4355b7b90c');
INSERT INTO elderships (id, code, name, municipality_id) VALUES ('5329549c-4904-4bba-817d-b1ce4f64fad6', '7994', 'Trakų', '4bd49b40-51e9-45f1-bd90-5c4355b7b90c');
INSERT INTO elderships (id, code, name, municipality_id) VALUES ('ce128bb1-4ba8-450d-81ae-49852a3b0792', '8101', 'Ukmergės miesto', '2f2ef14b-9a6e-4840-b2e5-44cefb54ebca');
INSERT INTO elderships (id, code, name, municipality_id) VALUES ('125add9f-b9c5-4311-b38a-528903b17022', '8112', 'Vidiškių', '2f2ef14b-9a6e-4840-b2e5-44cefb54ebca');
INSERT INTO elderships (id, code, name, municipality_id) VALUES ('a0bbae80-61ba-4549-9693-86b5ff7f6f9d', '8118', 'Veprių', '2f2ef14b-9a6e-4840-b2e5-44cefb54ebca');
INSERT INTO elderships (id, code, name, municipality_id) VALUES ('a66d1e19-2579-4d1a-9b41-007ee9e59aeb', '8124', 'Deltuvos', '2f2ef14b-9a6e-4840-b2e5-44cefb54ebca');
INSERT INTO elderships (id, code, name, municipality_id) VALUES ('f015ee67-26a8-4ad1-87d1-1b077aa89ca8', '8129', 'Želvos', '2f2ef14b-9a6e-4840-b2e5-44cefb54ebca');
INSERT INTO elderships (id, code, name, municipality_id) VALUES ('8346fd5d-7061-4a77-b7fe-1f6d59f298f7', '8133', 'Žemaitkiemio', '2f2ef14b-9a6e-4840-b2e5-44cefb54ebca');
INSERT INTO elderships (id, code, name, municipality_id) VALUES ('5d044832-92ee-415e-903b-39ac78511af9', '8150', 'Lyduokių', '2f2ef14b-9a6e-4840-b2e5-44cefb54ebca');
INSERT INTO elderships (id, code, name, municipality_id) VALUES ('d05f31bc-9d0f-42c4-b1fb-cb20540039b0', '8161', 'Pabaisko', '2f2ef14b-9a6e-4840-b2e5-44cefb54ebca');
INSERT INTO elderships (id, code, name, municipality_id) VALUES ('97d2879e-2f82-45b1-8ca1-0ab0f37ae3aa', '8172', 'Siesikų', '2f2ef14b-9a6e-4840-b2e5-44cefb54ebca');
INSERT INTO elderships (id, code, name, municipality_id) VALUES ('286262c5-ea29-439f-bbc7-6b0574f9d3a6', '8177', 'Taujėnų', '2f2ef14b-9a6e-4840-b2e5-44cefb54ebca');
INSERT INTO elderships (id, code, name, municipality_id) VALUES ('6b57002c-a685-473f-a052-cd189cc627fc', '8185', 'Pivonijos', '2f2ef14b-9a6e-4840-b2e5-44cefb54ebca');
INSERT INTO elderships (id, code, name, municipality_id) VALUES ('82f532a9-f9c1-4bd3-8b58-c94498fef66b', '8190', 'Šešuolių', '2f2ef14b-9a6e-4840-b2e5-44cefb54ebca');
INSERT INTO elderships (id, code, name, municipality_id) VALUES ('376fe9e0-0bce-4ef0-aea4-d7d6af205b5e', '8201', 'Utenos miesto', 'fe08b5b0-d476-49be-800d-63624ae6eea5');
INSERT INTO elderships (id, code, name, municipality_id) VALUES ('84c915a7-9f7c-40a6-80b2-97712fce9c00', '8206', 'Vyžuonų', 'fe08b5b0-d476-49be-800d-63624ae6eea5');
INSERT INTO elderships (id, code, name, municipality_id) VALUES ('3499abae-a9dd-4a8b-930f-9eedf037a436', '8212', 'Daugailių', 'fe08b5b0-d476-49be-800d-63624ae6eea5');
INSERT INTO elderships (id, code, name, municipality_id) VALUES ('7123c10d-e8a8-4e03-8f7f-ca3de8cfe1ce', '8223', 'Kuktiškių', 'fe08b5b0-d476-49be-800d-63624ae6eea5');
INSERT INTO elderships (id, code, name, municipality_id) VALUES ('29acea1f-2394-48fb-a503-d53be6400b12', '8226', 'Leliūnų', 'fe08b5b0-d476-49be-800d-63624ae6eea5');
INSERT INTO elderships (id, code, name, municipality_id) VALUES ('2374efd9-6f9d-4731-8c5a-f45e40f0b64e', '8248', 'Saldutiškio', 'fe08b5b0-d476-49be-800d-63624ae6eea5');
INSERT INTO elderships (id, code, name, municipality_id) VALUES ('879b29e7-36b5-4373-809c-86c2f353db48', '8260', 'Sudeikių', 'fe08b5b0-d476-49be-800d-63624ae6eea5');
INSERT INTO elderships (id, code, name, municipality_id) VALUES ('6648b586-3540-4906-8c08-5bfb2c95f488', '8271', 'Tauragnų', 'fe08b5b0-d476-49be-800d-63624ae6eea5');
INSERT INTO elderships (id, code, name, municipality_id) VALUES ('a18f5422-6281-4a36-aec0-f7940914cd24', '8274', 'Utenos', 'fe08b5b0-d476-49be-800d-63624ae6eea5');
INSERT INTO elderships (id, code, name, municipality_id) VALUES ('13a6f003-45d9-4711-bfdd-c18dd3d67fe5', '8276', 'Užpalių', 'fe08b5b0-d476-49be-800d-63624ae6eea5');
INSERT INTO elderships (id, code, name, municipality_id) VALUES ('ad3237e5-f2cd-4db5-b08b-60d8e7c758bb', '8405', 'Barzdų', 'dcd3a8a3-cc32-458f-a9fa-009db8bb8a7d');
INSERT INTO elderships (id, code, name, municipality_id) VALUES ('0a112d45-b006-4dea-8bf0-c2c8c4bb0190', '8409', 'Kudirkos Naumiesčio', 'dcd3a8a3-cc32-458f-a9fa-009db8bb8a7d');
INSERT INTO elderships (id, code, name, municipality_id) VALUES ('ab86ede1-7ff3-4b1f-b953-cf2b85d3896d', '8413', 'Gelgaudiškio', 'dcd3a8a3-cc32-458f-a9fa-009db8bb8a7d');
INSERT INTO elderships (id, code, name, municipality_id) VALUES ('6fc1b800-373d-43c0-ab8f-586015ea2cfa', '8417', 'Griškabūdžio', 'dcd3a8a3-cc32-458f-a9fa-009db8bb8a7d');
INSERT INTO elderships (id, code, name, municipality_id) VALUES ('26b8e896-0b17-4eec-b57d-83ab633fd12f', '8430', 'Kidulių', 'dcd3a8a3-cc32-458f-a9fa-009db8bb8a7d');
INSERT INTO elderships (id, code, name, municipality_id) VALUES ('ac48eee9-a5b1-4023-8163-c1939d87e583', '8435', 'Kriūkų', 'dcd3a8a3-cc32-458f-a9fa-009db8bb8a7d');
INSERT INTO elderships (id, code, name, municipality_id) VALUES ('0428d92e-5da0-4d89-90a9-6302b74e95b6', '8443', 'Lukšių', 'dcd3a8a3-cc32-458f-a9fa-009db8bb8a7d');
INSERT INTO elderships (id, code, name, municipality_id) VALUES ('4a773599-1277-451d-a7b8-b35e2ab4029f', '8449', 'Lekėčių', 'dcd3a8a3-cc32-458f-a9fa-009db8bb8a7d');
INSERT INTO elderships (id, code, name, municipality_id) VALUES ('b713a921-94ec-403c-92c1-a350c27fff7f', '8455', 'Plokščių', 'dcd3a8a3-cc32-458f-a9fa-009db8bb8a7d');
INSERT INTO elderships (id, code, name, municipality_id) VALUES ('78c419ae-726d-4f1c-b137-9a49f16da6e1', '8471', 'Sintautų', 'dcd3a8a3-cc32-458f-a9fa-009db8bb8a7d');
INSERT INTO elderships (id, code, name, municipality_id) VALUES ('982d164d-ad58-4b08-b13a-4ec88ee44cd8', '8475', 'Slavikų', 'dcd3a8a3-cc32-458f-a9fa-009db8bb8a7d');
INSERT INTO elderships (id, code, name, municipality_id) VALUES ('00763bac-6cfa-48d3-bc6c-fd86c9c7f477', '8479', 'Sudargo', 'dcd3a8a3-cc32-458f-a9fa-009db8bb8a7d');
INSERT INTO elderships (id, code, name, municipality_id) VALUES ('913368d6-c9bd-4f59-ba6f-b580e85ce174', '8483', 'Šakių', 'dcd3a8a3-cc32-458f-a9fa-009db8bb8a7d');
INSERT INTO elderships (id, code, name, municipality_id) VALUES ('d19eaace-84e1-4975-a53d-1b2767b5f31a', '8497', 'Žvirgždaičių', 'dcd3a8a3-cc32-458f-a9fa-009db8bb8a7d');
INSERT INTO elderships (id, code, name, municipality_id) VALUES ('67a24b5f-3814-4077-85d3-931783109e81', '8503', 'Baltosios Vokės', 'b2a55b3b-7f65-4be3-a34f-bedad2a06bb8');
INSERT INTO elderships (id, code, name, municipality_id) VALUES ('8f470510-a3ce-4b24-ba49-65147239b69f', '8505', 'Akmenynės', 'b2a55b3b-7f65-4be3-a34f-bedad2a06bb8');
INSERT INTO elderships (id, code, name, municipality_id) VALUES ('927a4c64-3870-413a-ab65-a2d0a6557bee', '8509', 'Butrimonių', 'b2a55b3b-7f65-4be3-a34f-bedad2a06bb8');
INSERT INTO elderships (id, code, name, municipality_id) VALUES ('5193cff3-339a-45e6-bd86-3a68fbd6f589', '8514', 'Gerviškių', 'b2a55b3b-7f65-4be3-a34f-bedad2a06bb8');
INSERT INTO elderships (id, code, name, municipality_id) VALUES ('70f9c584-5c83-4119-b910-8e1969271304', '8519', 'Dainavos', 'b2a55b3b-7f65-4be3-a34f-bedad2a06bb8');
INSERT INTO elderships (id, code, name, municipality_id) VALUES ('ce273174-23a6-486b-ba14-325ad203af25', '8527', 'Dieveniškių', 'b2a55b3b-7f65-4be3-a34f-bedad2a06bb8');
INSERT INTO elderships (id, code, name, municipality_id) VALUES ('c3fec705-ca7a-43ad-8ae6-d11e3f5e8211', '8534', 'Kalesninkų', 'b2a55b3b-7f65-4be3-a34f-bedad2a06bb8');
INSERT INTO elderships (id, code, name, municipality_id) VALUES ('258099b2-2ad3-4b27-ba1d-9bad158b86e5', '8550', 'Pabarės', 'b2a55b3b-7f65-4be3-a34f-bedad2a06bb8');
INSERT INTO elderships (id, code, name, municipality_id) VALUES ('bdc8dcf5-f4cd-4287-9057-2f39ac897a36', '8554', 'Poškonių', 'b2a55b3b-7f65-4be3-a34f-bedad2a06bb8');
INSERT INTO elderships (id, code, name, municipality_id) VALUES ('ee7bd7e6-d58b-415d-85ad-0b65e4d62ee9', '8563', 'Turgelių', 'b2a55b3b-7f65-4be3-a34f-bedad2a06bb8');
INSERT INTO elderships (id, code, name, municipality_id) VALUES ('7174777f-3beb-45e9-8960-a76c6035f028', '8575', 'Šalčininkų', 'b2a55b3b-7f65-4be3-a34f-bedad2a06bb8');
INSERT INTO elderships (id, code, name, municipality_id) VALUES ('4beff418-78f7-4123-b851-80a181cf3b99', '8580', 'Eišiškių', 'b2a55b3b-7f65-4be3-a34f-bedad2a06bb8');
INSERT INTO elderships (id, code, name, municipality_id) VALUES ('1373299c-a10a-4f33-abc2-cdf50f88bad6', '8593', 'Jašiūnų', 'b2a55b3b-7f65-4be3-a34f-bedad2a06bb8');
INSERT INTO elderships (id, code, name, municipality_id) VALUES ('b093299b-2d60-4877-99ff-dff267e551dd', '8601', 'Švenčionių', '805e4985-b391-47b7-913c-c90706289b48');
INSERT INTO elderships (id, code, name, municipality_id) VALUES ('a7eefdcd-0371-4ee9-9d93-1f361922a855', '8604', 'Adutiškio', '805e4985-b391-47b7-913c-c90706289b48');
INSERT INTO elderships (id, code, name, municipality_id) VALUES ('dea6e1f7-5638-4ec1-95bd-01d94bc3e913', '8613', 'Kaltanėnų', '805e4985-b391-47b7-913c-c90706289b48');
INSERT INTO elderships (id, code, name, municipality_id) VALUES ('4dd7543d-9b3e-4d4e-96bc-fbd9f597f7a4', '8615', 'Labanoro', '805e4985-b391-47b7-913c-c90706289b48');
INSERT INTO elderships (id, code, name, municipality_id) VALUES ('aaeede04-8f17-40d9-bbf4-a6cd22bc6d2b', '8629', 'Magūnų', '805e4985-b391-47b7-913c-c90706289b48');
INSERT INTO elderships (id, code, name, municipality_id) VALUES ('d2b30571-c4d8-4d70-9123-438f4bda2bc8', '8644', 'Pabradės', '805e4985-b391-47b7-913c-c90706289b48');
INSERT INTO elderships (id, code, name, municipality_id) VALUES ('52154418-8be0-47b4-a299-17d0f5e01189', '8657', 'Sarių', '805e4985-b391-47b7-913c-c90706289b48');
INSERT INTO elderships (id, code, name, municipality_id) VALUES ('18dde6d6-763e-4054-aa6a-6d5d364141ef', '8659', 'Svirkų', '805e4985-b391-47b7-913c-c90706289b48');
INSERT INTO elderships (id, code, name, municipality_id) VALUES ('a5911781-2bb0-4384-8aeb-874938eaa898', '8662', 'Strūnaičio', '805e4985-b391-47b7-913c-c90706289b48');
INSERT INTO elderships (id, code, name, municipality_id) VALUES ('6a89ec56-a718-4b08-a0e9-203436c302eb', '8669', 'Cirkliškio', '805e4985-b391-47b7-913c-c90706289b48');
INSERT INTO elderships (id, code, name, municipality_id) VALUES ('e4e01c3a-23eb-469a-941a-e4b71e62468d', '8671', 'Švenčionėlių', '805e4985-b391-47b7-913c-c90706289b48');
INSERT INTO elderships (id, code, name, municipality_id) VALUES ('a4d470da-3f23-4250-84c0-790f74955e94', '8701', 'Šilalės miesto', 'eae766b2-f618-4f17-a46d-4ac46ab76d74');
INSERT INTO elderships (id, code, name, municipality_id) VALUES ('2a522b81-2da8-4aec-87a4-1e4dbd5d8fea', '8703', 'Bijotų', 'eae766b2-f618-4f17-a46d-4ac46ab76d74');
INSERT INTO elderships (id, code, name, municipality_id) VALUES ('aee58361-814d-45b2-b086-d8ac201f3f4e', '8705', 'Bilionių', 'eae766b2-f618-4f17-a46d-4ac46ab76d74');
INSERT INTO elderships (id, code, name, municipality_id) VALUES ('4082e02e-2c9b-4f22-b68a-5d54b61d1816', '8707', 'Didkiemio', 'eae766b2-f618-4f17-a46d-4ac46ab76d74');
INSERT INTO elderships (id, code, name, municipality_id) VALUES ('9537c9b9-3132-4c53-be34-e81e4e4f685f', '8711', 'Kaltinėnų', 'eae766b2-f618-4f17-a46d-4ac46ab76d74');
INSERT INTO elderships (id, code, name, municipality_id) VALUES ('8eaa6980-ab54-4c05-8387-fdfa911fb6ad', '8715', 'Kvėdarnos', 'eae766b2-f618-4f17-a46d-4ac46ab76d74');
INSERT INTO elderships (id, code, name, municipality_id) VALUES ('b102cd95-7e32-4795-8f50-81d715a49cd7', '8719', 'Laukuvos', 'eae766b2-f618-4f17-a46d-4ac46ab76d74');
INSERT INTO elderships (id, code, name, municipality_id) VALUES ('088aa5b4-aa02-49b6-810b-2c02cedbf20a', '8736', 'Pajūrio', 'eae766b2-f618-4f17-a46d-4ac46ab76d74');
INSERT INTO elderships (id, code, name, municipality_id) VALUES ('57d78115-ce90-4369-b5e4-cc3433d28f6e', '8741', 'Palentinio', 'eae766b2-f618-4f17-a46d-4ac46ab76d74');
INSERT INTO elderships (id, code, name, municipality_id) VALUES ('4ddd2b8c-4576-4159-9d9e-d1e885afa2ce', '8749', 'Tenenių', 'eae766b2-f618-4f17-a46d-4ac46ab76d74');
INSERT INTO elderships (id, code, name, municipality_id) VALUES ('ea67ebf2-ddb9-4647-8b58-e51a2df45643', '8769', 'Upynos', 'eae766b2-f618-4f17-a46d-4ac46ab76d74');
INSERT INTO elderships (id, code, name, municipality_id) VALUES ('0957fe07-a333-49a1-ac55-19f7a471e758', '8770', 'Šilalės kaimiškoji', 'eae766b2-f618-4f17-a46d-4ac46ab76d74');
INSERT INTO elderships (id, code, name, municipality_id) VALUES ('17bbd7e6-3b8d-4f6e-aa72-a6ee329a782a', '8771', 'Traksėdžio', 'eae766b2-f618-4f17-a46d-4ac46ab76d74');
INSERT INTO elderships (id, code, name, municipality_id) VALUES ('9c9ef888-10b0-4829-982d-8db8a6cd55d7', '8777', 'Žadeikių', 'eae766b2-f618-4f17-a46d-4ac46ab76d74');
INSERT INTO elderships (id, code, name, municipality_id) VALUES ('8c9c1660-6fab-4348-b66c-1df5d1739fd8', '8801', 'Šilutės', '4f94640b-8124-4e99-81e7-61d22b04a1fa');
INSERT INTO elderships (id, code, name, municipality_id) VALUES ('8771ceb3-a245-4ff5-b419-c464628fa54e', '8806', 'Vainuto', '4f94640b-8124-4e99-81e7-61d22b04a1fa');
INSERT INTO elderships (id, code, name, municipality_id) VALUES ('1c566905-d478-424b-a607-951c63f5f931', '8813', 'Gardamo', '4f94640b-8124-4e99-81e7-61d22b04a1fa');
INSERT INTO elderships (id, code, name, municipality_id) VALUES ('1d12e5de-bd13-4b89-98bd-f4534310b25e', '8820', 'Žemaičių Naumiesčio', '4f94640b-8124-4e99-81e7-61d22b04a1fa');
INSERT INTO elderships (id, code, name, municipality_id) VALUES ('e0fe6d03-b745-40a6-93c2-86eb091cecb3', '8840', 'Katyčių', '4f94640b-8124-4e99-81e7-61d22b04a1fa');
INSERT INTO elderships (id, code, name, municipality_id) VALUES ('e867084a-9411-430c-92c8-05684aa85ed5', '8850', 'Kintų', '4f94640b-8124-4e99-81e7-61d22b04a1fa');
INSERT INTO elderships (id, code, name, municipality_id) VALUES ('8f19c5b8-bfd4-4169-9e42-a774ad260d47', '8866', 'Rusnės', '4f94640b-8124-4e99-81e7-61d22b04a1fa');
INSERT INTO elderships (id, code, name, municipality_id) VALUES ('50f27e10-a1d7-4097-9441-fb82b2fcdbdb', '8872', 'Saugų', '4f94640b-8124-4e99-81e7-61d22b04a1fa');
INSERT INTO elderships (id, code, name, municipality_id) VALUES ('0f1571c8-1cb6-497c-928e-f21317cef786', '8884', 'Usėnų', '4f94640b-8124-4e99-81e7-61d22b04a1fa');
INSERT INTO elderships (id, code, name, municipality_id) VALUES ('f4c224ae-d962-4231-9d81-27cb93a6fa62', '8888', 'Švėkšnos', '4f94640b-8124-4e99-81e7-61d22b04a1fa');
INSERT INTO elderships (id, code, name, municipality_id) VALUES ('46819bf7-b852-4eb5-8979-405354fd2d8f', '8897', 'Juknaičių', '4f94640b-8124-4e99-81e7-61d22b04a1fa');
INSERT INTO elderships (id, code, name, municipality_id) VALUES ('bad09fd0-99ec-40b6-be3b-18f3966b9b59', '8904', 'Alionių', 'e57712b9-1137-4955-b12a-c3c0ebab3f2a');
INSERT INTO elderships (id, code, name, municipality_id) VALUES ('e5922ea0-de47-4432-9ba6-ec801c707acd', '8910', 'Kernavės', 'e57712b9-1137-4955-b12a-c3c0ebab3f2a');
INSERT INTO elderships (id, code, name, municipality_id) VALUES ('0b572970-78ff-42b1-936e-0c4a83210905', '8923', 'Gelvonų', 'e57712b9-1137-4955-b12a-c3c0ebab3f2a');
INSERT INTO elderships (id, code, name, municipality_id) VALUES ('59905c6b-ea88-4193-96d9-ace784a4892e', '8934', 'Zibalų', 'e57712b9-1137-4955-b12a-c3c0ebab3f2a');
INSERT INTO elderships (id, code, name, municipality_id) VALUES ('c5097718-2ae0-4016-9fe0-c1a870dec904', '8967', 'Musninkų', 'e57712b9-1137-4955-b12a-c3c0ebab3f2a');
INSERT INTO elderships (id, code, name, municipality_id) VALUES ('271d1b1c-e1aa-4f65-86b9-88d7c8050cf9', '8978', 'Čiobiškio', 'e57712b9-1137-4955-b12a-c3c0ebab3f2a');
INSERT INTO elderships (id, code, name, municipality_id) VALUES ('87bde30d-c99d-4493-8792-ce29dd2c7f65', '8982', 'Širvintų', 'e57712b9-1137-4955-b12a-c3c0ebab3f2a');
INSERT INTO elderships (id, code, name, municipality_id) VALUES ('2ac5f0c6-dcef-461c-b701-fb98440645df', '8989', 'Jauniūnų', 'e57712b9-1137-4955-b12a-c3c0ebab3f2a');
INSERT INTO elderships (id, code, name, municipality_id) VALUES ('ac4fce63-6a09-4daa-89d6-e684222b5f81', '9101', 'Kuršėnų miesto', '96fbd979-2e65-49ba-85a4-083801dab99f');
INSERT INTO elderships (id, code, name, municipality_id) VALUES ('93188c58-996e-4ea5-b036-4a3f76194407', '9107', 'Bubių', '96fbd979-2e65-49ba-85a4-083801dab99f');
INSERT INTO elderships (id, code, name, municipality_id) VALUES ('bde983c1-ba3f-4484-9623-745ddac39e70', '9108', 'Ginkūnų', '96fbd979-2e65-49ba-85a4-083801dab99f');
INSERT INTO elderships (id, code, name, municipality_id) VALUES ('33526714-7f31-40cb-87b8-99d68adeaf8e', '9109', 'Gruzdžių', '96fbd979-2e65-49ba-85a4-083801dab99f');
INSERT INTO elderships (id, code, name, municipality_id) VALUES ('31d7b5ab-1f4d-4318-8b74-646b2803f5a0', '9113', 'Kairių', '96fbd979-2e65-49ba-85a4-083801dab99f');
INSERT INTO elderships (id, code, name, municipality_id) VALUES ('16b5a4a6-1a6c-4ffc-a4af-0baf8eb17c57', '9120', 'Kužių', '96fbd979-2e65-49ba-85a4-083801dab99f');
INSERT INTO elderships (id, code, name, municipality_id) VALUES ('47d01c1b-02c7-4a56-ab8a-719a5c593b35', '9132', 'Kuršėnų kaimiškoji', '96fbd979-2e65-49ba-85a4-083801dab99f');
INSERT INTO elderships (id, code, name, municipality_id) VALUES ('f011437e-d5c6-4aab-b31d-834632d3dc06', '9148', 'Meškuičių', '96fbd979-2e65-49ba-85a4-083801dab99f');
INSERT INTO elderships (id, code, name, municipality_id) VALUES ('c352cb70-8e98-4694-8cc6-17301d6e2185', '9164', 'Raudėnų', '96fbd979-2e65-49ba-85a4-083801dab99f');
INSERT INTO elderships (id, code, name, municipality_id) VALUES ('339437de-6952-40e7-9172-23df48111660', '9182', 'Šakynos', '96fbd979-2e65-49ba-85a4-083801dab99f');
INSERT INTO elderships (id, code, name, municipality_id) VALUES ('715e2ebc-132d-4f8f-92bc-e069afac1b64', '9193', 'Šiaulių kaimiškoji', '96fbd979-2e65-49ba-85a4-083801dab99f');
INSERT INTO elderships (id, code, name, municipality_id) VALUES ('c72e9b35-9798-4043-a3b0-2fe00130f5b9', '9418', 'Veliuonos', '1610adf1-3902-4fc3-bf6c-f5f13f958a7f');
INSERT INTO elderships (id, code, name, municipality_id) VALUES ('bb6c6f60-f522-47bf-9e99-e5656c800268', '9422', 'Viešvilės', '1610adf1-3902-4fc3-bf6c-f5f13f958a7f');
INSERT INTO elderships (id, code, name, municipality_id) VALUES ('3f178f15-089c-4dfd-98cb-a14f197a6ebe', '9435', 'Girdžių', '1610adf1-3902-4fc3-bf6c-f5f13f958a7f');
INSERT INTO elderships (id, code, name, municipality_id) VALUES ('54838556-4399-4b55-b3c2-9d9abc7c31e2', '9450', 'Raudonės', '1610adf1-3902-4fc3-bf6c-f5f13f958a7f');
INSERT INTO elderships (id, code, name, municipality_id) VALUES ('9ad5600a-12b9-4dc9-a9fe-6ae9a631ab14', '9460', 'Skirsnemunės', '1610adf1-3902-4fc3-bf6c-f5f13f958a7f');
INSERT INTO elderships (id, code, name, municipality_id) VALUES ('09940385-1386-4f46-b5ba-dc3293a0bfc4', '9469', 'Seredžiaus', '1610adf1-3902-4fc3-bf6c-f5f13f958a7f');
INSERT INTO elderships (id, code, name, municipality_id) VALUES ('0cb50a3d-2385-49fb-a768-f7a7a64388a8', '9475', 'Smalininkų', '1610adf1-3902-4fc3-bf6c-f5f13f958a7f');
INSERT INTO elderships (id, code, name, municipality_id) VALUES ('b1e345d0-a89d-4ff3-81c1-1e6349dfb70f', '9480', 'Šimkaičių', '1610adf1-3902-4fc3-bf6c-f5f13f958a7f');
INSERT INTO elderships (id, code, name, municipality_id) VALUES ('f532690b-c7f7-47c1-b60e-615b75314378', '9485', 'Eržvilko', '1610adf1-3902-4fc3-bf6c-f5f13f958a7f');
INSERT INTO elderships (id, code, name, municipality_id) VALUES ('d3b7283e-d089-4a70-bf80-7a8f8eb9c536', '9490', 'Juodaičių', '1610adf1-3902-4fc3-bf6c-f5f13f958a7f');
INSERT INTO elderships (id, code, name, municipality_id) VALUES ('0a904c31-3578-4c8e-b71f-5135e7782941', '9494', 'Jurbarko miesto', '1610adf1-3902-4fc3-bf6c-f5f13f958a7f');
INSERT INTO elderships (id, code, name, municipality_id) VALUES ('709616e8-4654-424b-b6c4-97050daf68c2', '9497', 'Jurbarkų', '1610adf1-3902-4fc3-bf6c-f5f13f958a7f');
INSERT INTO elderships (id, code, name, municipality_id) VALUES ('723caac0-1d1c-4db9-9345-c10e838423c2', '9498', 'Veisiejų', 'cec6d119-5eb0-4d67-b7bf-a0fb2619740d');
INSERT INTO elderships (id, code, name, municipality_id) VALUES ('0302120a-40a4-4b7f-bf82-77aaeacce2d0', '9499', 'Vydmantų', '3871ddbd-299b-402b-aca5-ae6d0b019810');
INSERT INTO elderships (id, code, name, municipality_id) VALUES ('7c797b7b-6910-40f1-8ef9-4e0d50110650', '9500', 'Širvintų miesto', 'e57712b9-1137-4955-b12a-c3c0ebab3f2a');
INSERT INTO elderships (id, code, name, municipality_id) VALUES ('020840d1-6402-4240-a8f8-6c5dc8fd8a2c', '9502', 'Marijampolės miesto', '5a13cbc6-b28c-474c-9dfa-37dc5f71e59b');
INSERT INTO elderships (id, code, name, municipality_id) VALUES ('69ca2c5c-ef46-4de4-83bc-62227149fef4', '9503', 'Mokolų', '5a13cbc6-b28c-474c-9dfa-37dc5f71e59b');
INSERT INTO elderships (id, code, name, municipality_id) VALUES ('985b81d3-a0cb-4806-a17b-25bf7f60a911', '9504', 'Patašinės', '5a13cbc6-b28c-474c-9dfa-37dc5f71e59b');
